,Q1,Q2,Q3,Q4,Q5,Q7,Q9,Q10,Q11,Q12,Q13,Q14,Q16,Q18,Q19,Q20,Q21,Q22,Q23,Q24,Q26,Q29,Q30,Q32,Q45
0,10.0,1.0,0.0,1.0,0.0,0.0,1.0,1.0,1.0,0.0,0.0,0.0,1.0,10.0,10.0,5.0,1.0,0.0,0.0,0.0,15.0,1.0,10.0,5.0,6.0
1,15.0,1.0,0.0,0.0,1.0,0.0,1.0,1.0,0.0,0.0,0.0,1.0,0.0,10.0,15.0,0.0,1.0,0.0,0.0,0.0,20.0,0.0,10.0,11.0,5.0
2,15.0,1.0,1.0,0.0,0.0,0.0,0.0,1.0,0.0,1.0,0.0,0.0,0.0,10.0,10.0,15.0,1.0,0.0,0.0,0.0,5.0,1.0,10.0,15.0,5.0
3,15.0,1.0,1.0,0.0,0.0,0.0,1.0,1.0,0.0,1.0,0.0,1.0,0.0,10.0,15.0,5.0,1.0,0.0,0.0,0.0,10.0,1.0,10.0,15.0,5.0
4,5.0,1.0,0.0,0.0,0.0,0.0,1.0,1.0,0.0,0.0,0.0,0.0,1.0,10.0,5.0,5.0,1.0,0.0,0.0,0.0,5.0,0.0,10.0,5.0,5.0
5,20.0,1.0,1.0,1.0,0.0,1.0,1.0,1.0,0.0,0.0,0.0,0.0,0.0,10.0,10.0,5.0,1.0,0.0,0.0,0.0,10.0,0.0,10.0,5.0,5.0
6,15.0,1.0,0.0,0.0,0.0,0.0,1.0,0.0,0.0,0.0,0.0,1.0,0.0,10.0,5.0,5.0,0.0,0.0,0.0,1.0,5.0,0.0,10.0,5.0,5.0
7,12.0,1.0,1.0,1.0,0.0,0.0,0.0,1.0,0.0,0.0,0.0,0.0,0.0,5.0,0.0,0.0,1.0,0.0,0.0,0.0,5.0,0.0,10.0,5.0,5.0
8,5.0,1.0,0.0,0.0,0.0,0.0,0.0,1.0,0.0,0.0,0.0,0.0,0.0,5.0,0.0,0.0,1.0,0.0,0.0,0.0,5.0,0.0,10.0,15.0,5.0
9,15.0,1.0,0.0,0.0,0.0,0.0,1.0,1.0,0.0,0.0,0.0,0.0,0.0,10.0,10.0,5.0,1.0,0.0,0.0,0.0,10.0,1.0,10.0,5.0,5.0
10,15.0,1.0,0.0,0.0,1.0,0.0,1.0,1.0,0.0,0.0,0.0,1.0,0.0,10.0,10.0,5.0,1.0,0.0,0.0,0.0,5.0,0.0,10.0,5.0,5.0
11,5.0,1.0,0.0,0.0,1.0,0.0,1.0,1.0,0.0,0.0,0.0,1.0,0.0,5.0,5.0,5.0,1.0,0.0,0.0,0.0,5.0,0.0,5.0,5.0,5.0
12,5.0,1.0,0.0,0.0,0.0,0.0,0.0,1.0,0.0,0.0,0.0,0.0,0.0,10.0,0.0,0.0,1.0,0.0,0.0,0.0,5.0,0.0,10.0,5.0,6.0
13,15.0,1.0,0.0,0.0,0.0,0.0,1.0,1.0,0.0,0.0,0.0,0.0,0.0,10.0,10.0,5.0,0.0,0.0,0.0,1.0,5.0,1.0,10.0,5.0,6.0
14,15.0,1.0,1.0,1.0,0.0,0.0,0.0,1.0,0.0,0.0,0.0,0.0,0.0,15.0,0.0,0.0,1.0,0.0,0.0,0.0,20.0,1.0,10.0,15.0,6.0
15,15.0,1.0,0.0,0.0,0.0,0.0,1.0,1.0,0.0,0.0,0.0,0.0,0.0,10.0,5.0,5.0,1.0,0.0,0.0,0.0,5.0,0.0,10.0,5.0,5.0
16,10.0,1.0,1.0,1.0,0.0,0.0,0.0,1.0,1.0,1.0,0.0,0.0,0.0,5.0,0.0,0.0,1.0,0.0,0.0,0.0,5.0,0.0,10.0,5.0,5.0
17,15.0,1.0,0.0,0.0,0.0,0.0,1.0,1.0,0.0,0.0,0.0,0.0,1.0,10.0,10.0,5.0,1.0,0.0,0.0,0.0,15.0,1.0,10.0,11.0,10.0
18,5.0,1.0,0.0,0.0,0.0,0.0,0.0,1.0,0.0,0.0,0.0,0.0,0.0,10.0,5.0,15.0,0.0,0.0,0.0,1.0,5.0,0.0,15.0,5.0,6.0
19,15.0,1.0,0.0,0.0,1.0,0.0,1.0,1.0,0.0,0.0,0.0,1.0,0.0,5.0,10.0,5.0,1.0,1.0,0.0,0.0,5.0,1.0,10.0,5.0,5.0
20,15.0,1.0,0.0,0.0,1.0,0.0,1.0,1.0,0.0,0.0,0.0,0.0,0.0,5.0,10.0,0.0,1.0,0.0,0.0,0.0,10.0,0.0,10.0,5.0,5.0
21,15.0,1.0,1.0,1.0,0.0,0.0,1.0,1.0,0.0,0.0,0.0,0.0,0.0,10.0,10.0,0.0,1.0,0.0,0.0,0.0,10.0,0.0,10.0,5.0,5.0
22,15.0,1.0,0.0,0.0,1.0,0.0,1.0,1.0,0.0,0.0,0.0,0.0,0.0,10.0,12.0,5.0,0.0,0.0,0.0,1.0,20.0,1.0,10.0,11.0,6.0
23,15.0,1.0,0.0,0.0,1.0,0.0,1.0,1.0,0.0,0.0,0.0,0.0,0.0,10.0,12.0,5.0,0.0,0.0,0.0,1.0,20.0,1.0,10.0,11.0,6.0
24,15.0,1.0,0.0,0.0,0.0,0.0,1.0,1.0,0.0,0.0,0.0,0.0,0.0,15.0,15.0,5.0,1.0,0.0,0.0,0.0,15.0,1.0,10.0,15.0,5.0
25,20.0,1.0,1.0,0.0,1.0,0.0,1.0,1.0,0.0,0.0,0.0,1.0,0.0,15.0,15.0,5.0,1.0,0.0,1.0,1.0,10.0,0.0,10.0,5.0,5.0
26,15.0,1.0,0.0,0.0,0.0,0.0,1.0,1.0,0.0,0.0,0.0,0.0,0.0,5.0,10.0,0.0,1.0,0.0,0.0,0.0,5.0,1.0,10.0,15.0,6.0
27,10.0,1.0,0.0,0.0,0.0,0.0,1.0,1.0,0.0,0.0,0.0,0.0,1.0,5.0,10.0,5.0,0.0,0.0,0.0,1.0,5.0,0.0,10.0,10.0,10.0
28,15.0,1.0,0.0,0.0,0.0,0.0,1.0,1.0,0.0,0.0,0.0,0.0,0.0,15.0,10.0,5.0,1.0,0.0,0.0,0.0,10.0,0.0,10.0,5.0,15.0
29,15.0,1.0,0.0,0.0,0.0,0.0,1.0,1.0,0.0,0.0,0.0,0.0,0.0,10.0,10.0,5.0,1.0,0.0,0.0,1.0,15.0,1.0,10.0,15.0,6.0
30,10.0,1.0,0.0,0.0,0.0,0.0,1.0,1.0,0.0,0.0,0.0,0.0,0.0,15.0,15.0,5.0,1.0,0.0,0.0,0.0,10.0,0.0,10.0,15.0,5.0
31,12.0,1.0,0.0,0.0,0.0,0.0,1.0,1.0,0.0,0.0,0.0,0.0,0.0,5.0,5.0,5.0,1.0,0.0,0.0,0.0,5.0,0.0,10.0,15.0,15.0
32,10.0,1.0,1.0,1.0,0.0,0.0,1.0,1.0,0.0,0.0,0.0,0.0,0.0,15.0,15.0,15.0,1.0,0.0,1.0,1.0,20.0,0.0,10.0,15.0,5.0
33,15.0,1.0,1.0,0.0,0.0,0.0,1.0,1.0,0.0,0.0,0.0,0.0,0.0,10.0,10.0,15.0,1.0,0.0,0.0,0.0,5.0,0.0,10.0,11.0,5.0
34,10.0,1.0,1.0,1.0,0.0,0.0,1.0,1.0,1.0,1.0,0.0,0.0,1.0,15.0,10.0,5.0,1.0,0.0,1.0,1.0,15.0,1.0,10.0,15.0,5.0
35,20.0,1.0,1.0,1.0,0.0,0.0,1.0,1.0,0.0,0.0,0.0,0.0,0.0,5.0,15.0,15.0,1.0,0.0,0.0,0.0,5.0,1.0,10.0,5.0,5.0
36,15.0,1.0,0.0,0.0,0.0,0.0,0.0,1.0,0.0,0.0,0.0,0.0,0.0,5.0,12.0,5.0,0.0,0.0,0.0,1.0,5.0,1.0,10.0,11.0,5.0
37,5.0,1.0,1.0,0.0,0.0,0.0,1.0,1.0,0.0,1.0,0.0,0.0,1.0,10.0,15.0,15.0,1.0,0.0,0.0,0.0,10.0,1.0,10.0,15.0,10.0
38,20.0,1.0,1.0,1.0,1.0,1.0,1.0,1.0,0.0,1.0,1.0,1.0,1.0,10.0,15.0,5.0,1.0,1.0,0.0,1.0,10.0,1.0,10.0,10.0,5.0
39,5.0,1.0,0.0,0.0,0.0,0.0,1.0,1.0,0.0,0.0,0.0,0.0,1.0,5.0,15.0,15.0,1.0,0.0,1.0,1.0,20.0,1.0,10.0,15.0,5.0
40,15.0,1.0,0.0,0.0,0.0,0.0,1.0,1.0,0.0,0.0,0.0,0.0,0.0,5.0,15.0,0.0,1.0,0.0,0.0,0.0,10.0,1.0,10.0,15.0,5.0
41,15.0,1.0,1.0,1.0,0.0,0.0,1.0,1.0,1.0,1.0,0.0,0.0,0.0,15.0,15.0,5.0,1.0,0.0,0.0,1.0,5.0,0.0,10.0,10.0,5.0
42,5.0,1.0,0.0,0.0,0.0,0.0,1.0,1.0,0.0,0.0,0.0,0.0,0.0,10.0,15.0,0.0,0.0,0.0,0.0,1.0,5.0,1.0,10.0,15.0,6.0
43,5.0,1.0,0.0,0.0,0.0,0.0,1.0,1.0,0.0,0.0,0.0,0.0,1.0,10.0,15.0,0.0,1.0,0.0,0.0,0.0,5.0,1.0,10.0,11.0,5.0
44,5.0,1.0,1.0,1.0,1.0,0.0,1.0,1.0,1.0,1.0,0.0,0.0,0.0,10.0,15.0,5.0,0.0,0.0,0.0,1.0,5.0,0.0,10.0,11.0,5.0
45,15.0,1.0,1.0,1.0,1.0,0.0,1.0,1.0,0.0,0.0,0.0,1.0,0.0,15.0,10.0,15.0,1.0,0.0,0.0,1.0,10.0,1.0,10.0,11.0,5.0
46,20.0,1.0,1.0,1.0,0.0,0.0,1.0,1.0,1.0,1.0,0.0,0.0,1.0,15.0,15.0,5.0,1.0,0.0,1.0,1.0,20.0,1.0,10.0,15.0,5.0
47,15.0,1.0,0.0,0.0,0.0,0.0,1.0,1.0,0.0,0.0,0.0,0.0,0.0,10.0,15.0,15.0,1.0,0.0,0.0,0.0,5.0,0.0,10.0,10.0,6.0
48,20.0,1.0,1.0,1.0,1.0,0.0,1.0,1.0,0.0,0.0,1.0,0.0,0.0,10.0,15.0,0.0,1.0,1.0,0.0,0.0,5.0,0.0,10.0,15.0,5.0
49,15.0,1.0,0.0,0.0,0.0,0.0,1.0,1.0,0.0,0.0,0.0,0.0,0.0,10.0,15.0,0.0,1.0,0.0,0.0,0.0,10.0,1.0,10.0,11.0,5.0
50,10.0,1.0,1.0,0.0,0.0,0.0,1.0,1.0,0.0,1.0,0.0,0.0,0.0,10.0,15.0,5.0,1.0,0.0,0.0,0.0,5.0,0.0,10.0,5.0,5.0
51,10.0,1.0,0.0,0.0,0.0,0.0,1.0,1.0,0.0,0.0,0.0,0.0,0.0,10.0,10.0,5.0,1.0,0.0,0.0,0.0,10.0,0.0,10.0,15.0,10.0
52,10.0,1.0,0.0,0.0,0.0,1.0,1.0,1.0,0.0,0.0,0.0,0.0,0.0,5.0,10.0,5.0,1.0,0.0,0.0,0.0,10.0,0.0,10.0,5.0,10.0
53,15.0,1.0,1.0,1.0,1.0,1.0,1.0,1.0,0.0,0.0,0.0,0.0,1.0,10.0,15.0,15.0,1.0,0.0,0.0,1.0,10.0,0.0,10.0,5.0,5.0
54,5.0,1.0,0.0,0.0,1.0,0.0,0.0,0.0,0.0,0.0,0.0,1.0,0.0,5.0,0.0,0.0,1.0,0.0,0.0,0.0,5.0,0.0,10.0,5.0,10.0
55,20.0,1.0,1.0,1.0,1.0,1.0,1.0,1.0,0.0,0.0,0.0,0.0,0.0,5.0,10.0,0.0,1.0,0.0,0.0,0.0,5.0,0.0,10.0,5.0,5.0
56,15.0,1.0,0.0,0.0,0.0,0.0,1.0,1.0,0.0,0.0,0.0,0.0,0.0,10.0,12.0,15.0,1.0,0.0,0.0,0.0,20.0,0.0,10.0,15.0,6.0
57,15.0,1.0,0.0,0.0,0.0,0.0,1.0,1.0,0.0,0.0,0.0,0.0,0.0,15.0,15.0,15.0,1.0,0.0,0.0,0.0,15.0,1.0,10.0,5.0,5.0
58,15.0,1.0,0.0,0.0,0.0,0.0,1.0,1.0,0.0,0.0,0.0,1.0,0.0,10.0,15.0,5.0,1.0,0.0,0.0,0.0,15.0,1.0,10.0,10.0,5.0
59,15.0,1.0,1.0,1.0,1.0,1.0,1.0,1.0,0.0,0.0,0.0,1.0,0.0,15.0,15.0,15.0,1.0,0.0,0.0,0.0,5.0,1.0,10.0,15.0,5.0
60,5.0,0.0,0.0,0.0,1.0,0.0,1.0,1.0,0.0,0.0,0.0,0.0,0.0,10.0,10.0,5.0,1.0,0.0,0.0,0.0,5.0,0.0,10.0,5.0,10.0
61,10.0,1.0,1.0,1.0,1.0,0.0,1.0,1.0,0.0,0.0,0.0,0.0,0.0,15.0,15.0,5.0,1.0,0.0,0.0,0.0,5.0,1.0,15.0,5.0,5.0
62,5.0,1.0,0.0,0.0,0.0,0.0,1.0,1.0,0.0,0.0,0.0,0.0,0.0,5.0,10.0,0.0,1.0,0.0,0.0,0.0,5.0,0.0,5.0,5.0,10.0
63,15.0,1.0,0.0,0.0,0.0,0.0,1.0,1.0,0.0,0.0,1.0,0.0,0.0,10.0,15.0,15.0,1.0,0.0,0.0,0.0,20.0,0.0,10.0,11.0,5.0
64,5.0,1.0,0.0,0.0,0.0,1.0,1.0,1.0,0.0,0.0,0.0,0.0,0.0,15.0,15.0,5.0,1.0,0.0,0.0,1.0,10.0,1.0,10.0,15.0,5.0
65,10.0,1.0,1.0,1.0,0.0,1.0,1.0,1.0,0.0,1.0,0.0,0.0,0.0,10.0,15.0,15.0,1.0,0.0,0.0,1.0,10.0,0.0,15.0,15.0,5.0
66,5.0,1.0,0.0,0.0,0.0,1.0,1.0,1.0,0.0,0.0,0.0,0.0,0.0,10.0,10.0,5.0,1.0,0.0,0.0,0.0,10.0,0.0,10.0,15.0,6.0
67,15.0,1.0,1.0,1.0,0.0,0.0,1.0,1.0,0.0,1.0,0.0,0.0,1.0,15.0,15.0,5.0,1.0,0.0,0.0,1.0,15.0,1.0,10.0,11.0,5.0
68,15.0,1.0,1.0,1.0,0.0,0.0,1.0,1.0,1.0,1.0,0.0,0.0,0.0,10.0,10.0,5.0,1.0,0.0,0.0,0.0,5.0,1.0,10.0,11.0,5.0
69,5.0,1.0,0.0,0.0,0.0,1.0,1.0,1.0,0.0,1.0,0.0,1.0,0.0,5.0,10.0,0.0,0.0,0.0,0.0,1.0,10.0,1.0,10.0,15.0,5.0
70,15.0,1.0,1.0,0.0,0.0,0.0,1.0,1.0,0.0,0.0,0.0,1.0,0.0,15.0,15.0,15.0,1.0,0.0,1.0,1.0,10.0,1.0,10.0,15.0,5.0
71,15.0,1.0,1.0,0.0,1.0,0.0,1.0,1.0,1.0,1.0,0.0,1.0,0.0,15.0,15.0,5.0,1.0,0.0,0.0,0.0,20.0,1.0,15.0,11.0,6.0
72,10.0,1.0,0.0,0.0,0.0,0.0,0.0,1.0,0.0,0.0,0.0,0.0,0.0,15.0,10.0,0.0,1.0,0.0,0.0,1.0,15.0,1.0,10.0,15.0,5.0
73,15.0,1.0,1.0,0.0,1.0,0.0,1.0,1.0,0.0,1.0,0.0,1.0,0.0,10.0,12.0,5.0,0.0,0.0,0.0,1.0,5.0,1.0,10.0,11.0,6.0
74,15.0,1.0,1.0,1.0,0.0,0.0,1.0,1.0,1.0,1.0,1.0,1.0,0.0,15.0,15.0,15.0,1.0,1.0,0.0,0.0,20.0,1.0,10.0,15.0,5.0
75,15.0,1.0,1.0,1.0,1.0,1.0,1.0,1.0,0.0,1.0,0.0,0.0,0.0,10.0,15.0,0.0,1.0,0.0,0.0,0.0,5.0,0.0,10.0,10.0,5.0
76,20.0,1.0,1.0,1.0,1.0,1.0,1.0,1.0,1.0,1.0,0.0,0.0,0.0,10.0,15.0,15.0,1.0,0.0,0.0,0.0,5.0,1.0,10.0,5.0,6.0
77,15.0,1.0,1.0,1.0,0.0,1.0,1.0,1.0,0.0,1.0,0.0,0.0,0.0,10.0,15.0,0.0,1.0,0.0,0.0,1.0,5.0,0.0,10.0,5.0,5.0
78,15.0,1.0,0.0,0.0,0.0,0.0,1.0,0.0,0.0,1.0,0.0,0.0,0.0,5.0,15.0,0.0,1.0,0.0,0.0,0.0,5.0,0.0,10.0,5.0,5.0
79,10.0,1.0,1.0,1.0,0.0,0.0,1.0,1.0,1.0,1.0,0.0,0.0,1.0,5.0,15.0,5.0,1.0,0.0,1.0,0.0,5.0,1.0,10.0,15.0,5.0
80,15.0,1.0,0.0,1.0,0.0,0.0,1.0,1.0,0.0,0.0,0.0,0.0,0.0,10.0,10.0,0.0,1.0,1.0,0.0,0.0,5.0,0.0,10.0,5.0,5.0
81,10.0,1.0,0.0,1.0,0.0,0.0,1.0,1.0,0.0,0.0,0.0,0.0,1.0,10.0,15.0,0.0,0.0,0.0,0.0,1.0,5.0,0.0,10.0,15.0,5.0
82,10.0,1.0,1.0,1.0,1.0,1.0,1.0,0.0,1.0,1.0,0.0,0.0,0.0,5.0,0.0,0.0,1.0,0.0,1.0,0.0,10.0,0.0,10.0,5.0,5.0
83,5.0,1.0,0.0,0.0,0.0,0.0,1.0,1.0,0.0,0.0,0.0,0.0,0.0,10.0,10.0,5.0,1.0,0.0,0.0,0.0,5.0,0.0,10.0,15.0,5.0
84,15.0,1.0,0.0,0.0,0.0,0.0,0.0,1.0,0.0,0.0,0.0,0.0,0.0,5.0,5.0,5.0,0.0,1.0,0.0,0.0,5.0,0.0,10.0,15.0,5.0
85,5.0,1.0,0.0,0.0,1.0,0.0,1.0,1.0,0.0,0.0,0.0,1.0,0.0,5.0,10.0,5.0,0.0,1.0,0.0,0.0,10.0,0.0,10.0,5.0,5.0
86,5.0,1.0,0.0,0.0,1.0,0.0,1.0,1.0,0.0,0.0,0.0,1.0,0.0,5.0,10.0,5.0,1.0,1.0,0.0,0.0,10.0,0.0,10.0,5.0,10.0
87,15.0,1.0,0.0,0.0,1.0,0.0,1.0,1.0,0.0,0.0,0.0,1.0,0.0,5.0,10.0,5.0,1.0,1.0,0.0,1.0,5.0,0.0,10.0,10.0,5.0
88,10.0,1.0,1.0,1.0,1.0,1.0,1.0,1.0,1.0,0.0,0.0,0.0,1.0,10.0,15.0,0.0,0.0,0.0,1.0,1.0,10.0,1.0,10.0,15.0,5.0
89,5.0,1.0,0.0,0.0,1.0,0.0,1.0,1.0,0.0,0.0,0.0,1.0,0.0,5.0,10.0,5.0,1.0,1.0,0.0,0.0,5.0,1.0,10.0,5.0,6.0
90,5.0,1.0,0.0,0.0,0.0,0.0,1.0,1.0,0.0,0.0,0.0,0.0,0.0,10.0,10.0,5.0,1.0,0.0,0.0,0.0,15.0,1.0,10.0,15.0,5.0
91,15.0,1.0,1.0,0.0,1.0,0.0,1.0,1.0,0.0,1.0,0.0,1.0,0.0,10.0,12.0,5.0,0.0,0.0,0.0,1.0,5.0,1.0,10.0,11.0,6.0
92,15.0,1.0,1.0,0.0,1.0,0.0,1.0,1.0,0.0,1.0,0.0,1.0,0.0,10.0,12.0,5.0,0.0,0.0,0.0,1.0,5.0,1.0,10.0,11.0,6.0
93,15.0,1.0,1.0,0.0,1.0,0.0,1.0,1.0,0.0,1.0,0.0,1.0,0.0,10.0,12.0,5.0,0.0,0.0,1.0,0.0,10.0,1.0,10.0,15.0,5.0
94,5.0,1.0,0.0,0.0,0.0,0.0,1.0,1.0,0.0,0.0,0.0,0.0,0.0,10.0,10.0,5.0,1.0,0.0,0.0,0.0,15.0,0.0,10.0,15.0,10.0
95,5.0,1.0,0.0,0.0,0.0,0.0,1.0,1.0,1.0,0.0,0.0,0.0,0.0,10.0,10.0,5.0,0.0,0.0,1.0,0.0,20.0,0.0,10.0,5.0,5.0
96,15.0,1.0,1.0,0.0,0.0,0.0,0.0,1.0,0.0,0.0,0.0,0.0,0.0,5.0,15.0,0.0,1.0,0.0,0.0,0.0,10.0,1.0,10.0,15.0,6.0
97,20.0,1.0,1.0,1.0,0.0,0.0,1.0,1.0,1.0,1.0,0.0,0.0,0.0,10.0,15.0,0.0,1.0,0.0,0.0,0.0,20.0,1.0,10.0,5.0,5.0
98,10.0,1.0,1.0,1.0,0.0,0.0,1.0,1.0,1.0,1.0,0.0,0.0,0.0,10.0,15.0,0.0,1.0,0.0,0.0,0.0,20.0,1.0,10.0,5.0,5.0
99,10.0,1.0,0.0,0.0,0.0,0.0,1.0,1.0,0.0,0.0,0.0,0.0,0.0,10.0,10.0,5.0,0.0,0.0,1.0,0.0,20.0,0.0,10.0,15.0,5.0
100,15.0,1.0,0.0,0.0,0.0,0.0,1.0,1.0,0.0,0.0,0.0,0.0,0.0,10.0,10.0,5.0,0.0,0.0,0.0,1.0,5.0,0.0,10.0,5.0,5.0
101,15.0,1.0,1.0,0.0,0.0,0.0,1.0,1.0,0.0,0.0,0.0,0.0,0.0,10.0,10.0,5.0,0.0,0.0,0.0,1.0,5.0,0.0,10.0,5.0,5.0
102,10.0,1.0,1.0,1.0,1.0,1.0,1.0,1.0,0.0,1.0,0.0,0.0,0.0,10.0,15.0,0.0,0.0,0.0,1.0,0.0,20.0,1.0,10.0,5.0,5.0
103,20.0,1.0,0.0,1.0,0.0,0.0,1.0,0.0,0.0,0.0,0.0,0.0,1.0,15.0,15.0,15.0,0.0,0.0,0.0,1.0,10.0,1.0,10.0,11.0,5.0
104,10.0,1.0,0.0,0.0,0.0,0.0,1.0,1.0,0.0,0.0,0.0,0.0,0.0,10.0,10.0,5.0,0.0,1.0,0.0,0.0,5.0,0.0,10.0,5.0,5.0
105,20.0,0.0,1.0,0.0,0.0,0.0,1.0,1.0,1.0,1.0,0.0,0.0,0.0,15.0,15.0,5.0,1.0,0.0,0.0,0.0,10.0,0.0,10.0,15.0,5.0
106,15.0,1.0,1.0,1.0,0.0,0.0,1.0,1.0,0.0,0.0,0.0,0.0,0.0,10.0,10.0,15.0,1.0,0.0,0.0,0.0,20.0,1.0,10.0,15.0,5.0
107,10.0,1.0,1.0,0.0,0.0,0.0,1.0,1.0,0.0,1.0,0.0,0.0,0.0,10.0,15.0,5.0,1.0,0.0,0.0,0.0,15.0,0.0,10.0,5.0,6.0
108,15.0,1.0,1.0,1.0,1.0,0.0,1.0,1.0,1.0,0.0,0.0,0.0,0.0,10.0,15.0,0.0,1.0,0.0,0.0,0.0,10.0,1.0,10.0,15.0,5.0
109,15.0,1.0,1.0,1.0,0.0,0.0,1.0,1.0,0.0,0.0,0.0,0.0,0.0,10.0,10.0,0.0,1.0,0.0,0.0,0.0,5.0,1.0,10.0,5.0,5.0
110,20.0,1.0,1.0,1.0,0.0,0.0,1.0,1.0,0.0,0.0,0.0,0.0,1.0,10.0,10.0,5.0,1.0,0.0,0.0,0.0,10.0,0.0,10.0,15.0,5.0
111,5.0,1.0,0.0,0.0,0.0,0.0,1.0,1.0,0.0,0.0,0.0,0.0,1.0,10.0,10.0,5.0,1.0,0.0,0.0,0.0,10.0,1.0,10.0,15.0,5.0
112,10.0,1.0,1.0,1.0,1.0,0.0,1.0,1.0,0.0,0.0,0.0,0.0,0.0,10.0,15.0,15.0,1.0,0.0,0.0,0.0,15.0,1.0,10.0,15.0,5.0
113,5.0,1.0,0.0,0.0,0.0,0.0,1.0,1.0,0.0,0.0,0.0,0.0,1.0,10.0,10.0,5.0,1.0,0.0,0.0,0.0,10.0,1.0,10.0,15.0,5.0
114,5.0,1.0,0.0,0.0,0.0,1.0,1.0,1.0,0.0,0.0,0.0,0.0,1.0,10.0,10.0,0.0,1.0,0.0,0.0,0.0,10.0,1.0,10.0,15.0,6.0
115,5.0,1.0,0.0,0.0,0.0,1.0,1.0,0.0,0.0,0.0,1.0,0.0,1.0,10.0,15.0,5.0,1.0,0.0,0.0,0.0,20.0,1.0,5.0,11.0,5.0
116,5.0,1.0,1.0,1.0,1.0,0.0,1.0,1.0,0.0,0.0,0.0,0.0,0.0,5.0,15.0,0.0,1.0,0.0,0.0,0.0,10.0,1.0,10.0,10.0,5.0
117,5.0,0.0,0.0,0.0,0.0,0.0,0.0,0.0,0.0,0.0,0.0,0.0,0.0,5.0,15.0,0.0,1.0,0.0,0.0,0.0,10.0,0.0,10.0,11.0,5.0
118,15.0,1.0,0.0,0.0,0.0,0.0,1.0,1.0,0.0,0.0,0.0,0.0,0.0,10.0,10.0,0.0,1.0,0.0,0.0,0.0,5.0,1.0,10.0,15.0,5.0
119,15.0,1.0,1.0,0.0,0.0,0.0,1.0,1.0,0.0,1.0,0.0,0.0,0.0,15.0,15.0,5.0,0.0,0.0,1.0,0.0,20.0,1.0,10.0,15.0,5.0
120,5.0,1.0,0.0,0.0,0.0,0.0,1.0,1.0,0.0,0.0,0.0,0.0,0.0,15.0,15.0,0.0,1.0,0.0,0.0,0.0,10.0,1.0,10.0,15.0,5.0
121,15.0,1.0,1.0,0.0,0.0,0.0,1.0,1.0,0.0,1.0,0.0,0.0,0.0,10.0,10.0,5.0,0.0,0.0,1.0,0.0,15.0,1.0,10.0,15.0,5.0
122,20.0,1.0,1.0,0.0,0.0,0.0,1.0,1.0,0.0,1.0,0.0,0.0,0.0,10.0,15.0,5.0,1.0,0.0,0.0,1.0,5.0,1.0,10.0,15.0,5.0
123,10.0,1.0,0.0,0.0,1.0,1.0,1.0,1.0,0.0,0.0,0.0,0.0,0.0,10.0,0.0,0.0,1.0,0.0,0.0,0.0,5.0,0.0,10.0,15.0,10.0
124,15.0,1.0,0.0,0.0,1.0,0.0,1.0,1.0,0.0,0.0,0.0,1.0,0.0,15.0,15.0,5.0,0.0,1.0,0.0,0.0,10.0,1.0,10.0,11.0,6.0
125,15.0,1.0,0.0,0.0,0.0,0.0,1.0,1.0,0.0,0.0,0.0,0.0,0.0,10.0,15.0,5.0,0.0,0.0,1.0,1.0,20.0,1.0,15.0,10.0,5.0
126,15.0,1.0,1.0,0.0,0.0,0.0,1.0,1.0,0.0,1.0,0.0,1.0,0.0,10.0,15.0,5.0,1.0,0.0,0.0,0.0,10.0,1.0,10.0,15.0,5.0
127,15.0,1.0,0.0,0.0,0.0,0.0,1.0,1.0,0.0,0.0,0.0,0.0,0.0,15.0,15.0,15.0,1.0,0.0,0.0,1.0,10.0,1.0,10.0,10.0,5.0
128,15.0,1.0,0.0,0.0,0.0,0.0,1.0,1.0,0.0,0.0,0.0,0.0,0.0,5.0,10.0,0.0,1.0,0.0,0.0,0.0,5.0,1.0,10.0,15.0,5.0
129,10.0,1.0,0.0,0.0,0.0,0.0,1.0,1.0,0.0,0.0,0.0,0.0,0.0,15.0,15.0,5.0,1.0,0.0,0.0,0.0,20.0,1.0,10.0,15.0,5.0
130,5.0,1.0,0.0,1.0,0.0,0.0,1.0,1.0,0.0,0.0,0.0,0.0,1.0,10.0,10.0,15.0,1.0,0.0,0.0,0.0,10.0,1.0,10.0,10.0,6.0
131,5.0,1.0,0.0,0.0,0.0,0.0,1.0,1.0,0.0,0.0,0.0,0.0,0.0,10.0,10.0,5.0,1.0,0.0,0.0,0.0,10.0,1.0,10.0,10.0,5.0
132,5.0,1.0,0.0,0.0,0.0,0.0,1.0,1.0,0.0,0.0,0.0,0.0,0.0,15.0,15.0,0.0,1.0,0.0,1.0,1.0,10.0,1.0,10.0,15.0,5.0
133,15.0,1.0,0.0,0.0,0.0,0.0,1.0,1.0,0.0,0.0,0.0,0.0,0.0,10.0,5.0,5.0,1.0,0.0,0.0,0.0,10.0,1.0,10.0,15.0,5.0
134,5.0,1.0,0.0,0.0,0.0,0.0,1.0,1.0,0.0,0.0,0.0,0.0,0.0,5.0,5.0,5.0,1.0,0.0,0.0,0.0,10.0,1.0,15.0,5.0,10.0
135,10.0,1.0,1.0,0.0,0.0,0.0,1.0,1.0,0.0,1.0,0.0,0.0,0.0,10.0,10.0,0.0,0.0,0.0,0.0,1.0,10.0,0.0,10.0,15.0,5.0
136,10.0,1.0,1.0,0.0,0.0,0.0,1.0,1.0,0.0,1.0,0.0,0.0,0.0,10.0,0.0,0.0,0.0,0.0,0.0,1.0,10.0,0.0,10.0,15.0,5.0
137,15.0,1.0,1.0,1.0,0.0,0.0,1.0,1.0,0.0,0.0,0.0,0.0,0.0,15.0,10.0,5.0,1.0,0.0,0.0,0.0,20.0,1.0,10.0,15.0,5.0
138,10.0,1.0,1.0,1.0,1.0,1.0,1.0,1.0,0.0,0.0,0.0,0.0,1.0,10.0,15.0,5.0,0.0,0.0,0.0,1.0,5.0,1.0,10.0,5.0,5.0
139,10.0,1.0,1.0,1.0,1.0,1.0,1.0,1.0,0.0,0.0,0.0,0.0,0.0,10.0,15.0,0.0,1.0,0.0,0.0,1.0,5.0,0.0,10.0,15.0,5.0
140,15.0,1.0,0.0,0.0,0.0,0.0,1.0,1.0,0.0,0.0,0.0,0.0,0.0,10.0,15.0,15.0,0.0,1.0,0.0,0.0,20.0,0.0,10.0,15.0,6.0
141,5.0,1.0,0.0,0.0,0.0,0.0,0.0,1.0,0.0,0.0,0.0,0.0,0.0,10.0,10.0,0.0,1.0,0.0,0.0,0.0,10.0,0.0,10.0,5.0,5.0
142,15.0,1.0,0.0,0.0,0.0,0.0,1.0,1.0,0.0,0.0,0.0,0.0,0.0,10.0,10.0,5.0,1.0,0.0,0.0,0.0,15.0,1.0,15.0,15.0,5.0
143,15.0,1.0,0.0,0.0,0.0,0.0,1.0,1.0,0.0,0.0,0.0,0.0,0.0,15.0,15.0,5.0,1.0,0.0,0.0,0.0,10.0,1.0,10.0,15.0,5.0
144,15.0,1.0,1.0,1.0,0.0,0.0,1.0,1.0,0.0,0.0,0.0,0.0,0.0,10.0,15.0,5.0,1.0,0.0,0.0,0.0,10.0,1.0,10.0,15.0,5.0
145,15.0,1.0,0.0,0.0,1.0,0.0,1.0,1.0,0.0,0.0,0.0,0.0,0.0,10.0,15.0,5.0,1.0,0.0,0.0,0.0,10.0,1.0,10.0,15.0,5.0
146,15.0,1.0,0.0,0.0,0.0,0.0,1.0,1.0,0.0,0.0,0.0,0.0,0.0,10.0,10.0,5.0,1.0,1.0,0.0,0.0,15.0,1.0,10.0,11.0,5.0
147,15.0,1.0,0.0,1.0,0.0,1.0,1.0,1.0,1.0,0.0,0.0,1.0,0.0,10.0,15.0,0.0,1.0,0.0,1.0,0.0,10.0,1.0,10.0,11.0,15.0
148,20.0,1.0,0.0,0.0,0.0,0.0,1.0,1.0,0.0,0.0,0.0,0.0,0.0,15.0,10.0,5.0,1.0,0.0,0.0,0.0,5.0,1.0,10.0,15.0,5.0
149,15.0,1.0,0.0,0.0,0.0,0.0,1.0,1.0,0.0,0.0,0.0,0.0,0.0,10.0,10.0,5.0,1.0,0.0,0.0,0.0,10.0,1.0,10.0,15.0,5.0
150,15.0,1.0,0.0,0.0,0.0,0.0,1.0,1.0,0.0,0.0,0.0,0.0,0.0,10.0,15.0,5.0,0.0,0.0,1.0,0.0,20.0,1.0,10.0,5.0,5.0
151,20.0,1.0,1.0,1.0,1.0,1.0,1.0,1.0,0.0,1.0,0.0,0.0,0.0,15.0,15.0,5.0,0.0,1.0,0.0,0.0,10.0,1.0,10.0,15.0,5.0
152,5.0,1.0,0.0,0.0,0.0,0.0,1.0,1.0,0.0,0.0,0.0,0.0,0.0,5.0,10.0,0.0,1.0,0.0,0.0,0.0,10.0,0.0,10.0,15.0,5.0
153,20.0,1.0,1.0,1.0,1.0,1.0,1.0,1.0,0.0,0.0,0.0,0.0,0.0,10.0,15.0,5.0,1.0,0.0,1.0,0.0,15.0,1.0,10.0,15.0,5.0
154,15.0,1.0,1.0,1.0,0.0,0.0,1.0,1.0,0.0,0.0,0.0,0.0,0.0,10.0,15.0,5.0,0.0,0.0,1.0,0.0,10.0,1.0,10.0,15.0,5.0
155,5.0,1.0,1.0,1.0,1.0,0.0,1.0,1.0,0.0,0.0,0.0,1.0,0.0,10.0,15.0,5.0,1.0,1.0,0.0,1.0,10.0,1.0,10.0,5.0,5.0
156,10.0,1.0,0.0,0.0,0.0,0.0,1.0,1.0,0.0,0.0,0.0,0.0,0.0,15.0,10.0,5.0,1.0,0.0,0.0,0.0,15.0,1.0,10.0,15.0,6.0
157,15.0,1.0,0.0,0.0,0.0,0.0,1.0,1.0,0.0,0.0,0.0,0.0,0.0,15.0,15.0,15.0,1.0,0.0,0.0,0.0,10.0,1.0,10.0,15.0,5.0
158,15.0,1.0,0.0,0.0,0.0,0.0,1.0,1.0,0.0,0.0,0.0,0.0,0.0,15.0,12.0,5.0,1.0,0.0,0.0,0.0,20.0,1.0,10.0,15.0,6.0
159,5.0,1.0,1.0,0.0,1.0,0.0,1.0,1.0,0.0,1.0,0.0,1.0,0.0,10.0,15.0,15.0,0.0,0.0,0.0,1.0,5.0,0.0,10.0,5.0,10.0
160,5.0,1.0,1.0,1.0,1.0,1.0,1.0,1.0,0.0,0.0,0.0,0.0,0.0,15.0,15.0,5.0,1.0,0.0,0.0,0.0,15.0,1.0,10.0,5.0,5.0
161,10.0,1.0,1.0,0.0,1.0,0.0,0.0,1.0,0.0,1.0,0.0,1.0,0.0,10.0,10.0,5.0,1.0,0.0,0.0,0.0,10.0,0.0,10.0,10.0,5.0
162,15.0,1.0,0.0,0.0,0.0,0.0,1.0,1.0,0.0,0.0,0.0,0.0,0.0,15.0,15.0,0.0,1.0,0.0,1.0,0.0,20.0,0.0,5.0,15.0,10.0
163,5.0,1.0,1.0,1.0,0.0,0.0,1.0,1.0,1.0,1.0,0.0,0.0,1.0,5.0,15.0,15.0,1.0,0.0,0.0,0.0,10.0,1.0,10.0,15.0,5.0
164,5.0,1.0,0.0,0.0,0.0,0.0,1.0,1.0,0.0,0.0,0.0,0.0,0.0,10.0,15.0,5.0,1.0,0.0,0.0,0.0,20.0,1.0,10.0,15.0,5.0
165,5.0,1.0,1.0,1.0,0.0,0.0,1.0,0.0,0.0,0.0,0.0,0.0,1.0,15.0,15.0,5.0,1.0,0.0,0.0,0.0,15.0,1.0,10.0,10.0,15.0
166,10.0,1.0,1.0,1.0,1.0,0.0,1.0,1.0,0.0,1.0,1.0,0.0,0.0,10.0,15.0,0.0,1.0,0.0,0.0,0.0,15.0,1.0,10.0,5.0,5.0
167,15.0,1.0,1.0,0.0,1.0,0.0,1.0,1.0,0.0,1.0,0.0,1.0,0.0,10.0,12.0,5.0,0.0,0.0,0.0,1.0,5.0,1.0,10.0,11.0,6.0
168,15.0,1.0,0.0,0.0,0.0,0.0,1.0,1.0,0.0,0.0,0.0,0.0,0.0,10.0,15.0,0.0,1.0,0.0,0.0,0.0,10.0,1.0,10.0,15.0,6.0
169,10.0,1.0,0.0,0.0,0.0,0.0,1.0,1.0,0.0,0.0,0.0,0.0,0.0,15.0,15.0,5.0,1.0,0.0,0.0,0.0,20.0,1.0,10.0,15.0,5.0
170,5.0,1.0,0.0,0.0,0.0,0.0,1.0,1.0,0.0,0.0,0.0,0.0,0.0,5.0,15.0,5.0,0.0,0.0,1.0,0.0,5.0,1.0,10.0,5.0,5.0
171,15.0,1.0,0.0,0.0,0.0,0.0,1.0,1.0,0.0,0.0,0.0,0.0,0.0,10.0,10.0,5.0,1.0,0.0,0.0,0.0,15.0,1.0,15.0,15.0,15.0
172,20.0,1.0,1.0,1.0,1.0,1.0,1.0,1.0,0.0,1.0,1.0,0.0,0.0,15.0,15.0,15.0,1.0,0.0,0.0,0.0,20.0,1.0,10.0,15.0,5.0
173,15.0,1.0,0.0,0.0,0.0,0.0,1.0,0.0,0.0,0.0,0.0,0.0,0.0,15.0,15.0,0.0,1.0,0.0,0.0,0.0,10.0,1.0,10.0,15.0,5.0
174,15.0,1.0,1.0,0.0,0.0,0.0,1.0,1.0,0.0,0.0,0.0,0.0,1.0,10.0,15.0,5.0,1.0,0.0,0.0,0.0,10.0,1.0,10.0,15.0,6.0
175,10.0,1.0,1.0,1.0,0.0,0.0,0.0,1.0,0.0,0.0,0.0,0.0,0.0,15.0,15.0,5.0,1.0,0.0,0.0,0.0,10.0,1.0,10.0,15.0,5.0
176,5.0,0.0,1.0,0.0,0.0,0.0,1.0,0.0,0.0,1.0,0.0,0.0,0.0,10.0,12.0,5.0,1.0,1.0,0.0,0.0,10.0,1.0,10.0,10.0,5.0
177,20.0,1.0,1.0,0.0,0.0,0.0,1.0,1.0,1.0,1.0,0.0,0.0,1.0,15.0,15.0,15.0,1.0,0.0,0.0,0.0,5.0,1.0,10.0,15.0,5.0
178,15.0,1.0,1.0,0.0,1.0,1.0,1.0,1.0,1.0,1.0,0.0,1.0,0.0,5.0,5.0,5.0,1.0,0.0,0.0,0.0,10.0,0.0,10.0,15.0,5.0
179,5.0,1.0,0.0,0.0,0.0,0.0,1.0,1.0,0.0,0.0,0.0,1.0,1.0,5.0,10.0,5.0,1.0,0.0,1.0,1.0,20.0,1.0,10.0,11.0,6.0
180,15.0,1.0,1.0,1.0,0.0,0.0,1.0,1.0,1.0,0.0,0.0,0.0,0.0,15.0,15.0,15.0,1.0,0.0,1.0,0.0,15.0,1.0,10.0,10.0,10.0
181,15.0,1.0,0.0,0.0,0.0,0.0,1.0,1.0,0.0,0.0,0.0,0.0,0.0,15.0,15.0,15.0,0.0,1.0,0.0,0.0,10.0,1.0,10.0,5.0,5.0
182,5.0,1.0,1.0,1.0,0.0,0.0,1.0,1.0,1.0,1.0,0.0,0.0,1.0,5.0,10.0,5.0,1.0,0.0,0.0,0.0,10.0,1.0,10.0,15.0,15.0
183,5.0,1.0,0.0,0.0,0.0,0.0,1.0,1.0,0.0,0.0,0.0,0.0,0.0,10.0,15.0,5.0,1.0,0.0,0.0,0.0,10.0,1.0,10.0,5.0,6.0
184,5.0,1.0,1.0,1.0,1.0,0.0,1.0,1.0,1.0,0.0,0.0,0.0,1.0,5.0,10.0,5.0,1.0,0.0,0.0,0.0,10.0,1.0,10.0,15.0,5.0
185,5.0,1.0,0.0,0.0,1.0,0.0,1.0,1.0,0.0,0.0,0.0,1.0,0.0,10.0,15.0,5.0,1.0,0.0,0.0,1.0,5.0,1.0,10.0,15.0,5.0
186,5.0,1.0,0.0,0.0,1.0,0.0,1.0,1.0,0.0,0.0,1.0,1.0,0.0,10.0,15.0,5.0,1.0,0.0,0.0,1.0,5.0,1.0,10.0,15.0,5.0
187,5.0,1.0,0.0,0.0,1.0,0.0,1.0,1.0,1.0,0.0,0.0,1.0,0.0,10.0,15.0,5.0,1.0,0.0,0.0,1.0,5.0,1.0,10.0,15.0,5.0
188,15.0,1.0,1.0,0.0,0.0,0.0,1.0,1.0,0.0,1.0,0.0,0.0,0.0,15.0,15.0,5.0,1.0,0.0,1.0,0.0,10.0,1.0,5.0,15.0,6.0
189,15.0,1.0,0.0,0.0,0.0,0.0,1.0,1.0,0.0,1.0,0.0,0.0,1.0,10.0,10.0,5.0,0.0,0.0,1.0,0.0,20.0,0.0,10.0,15.0,5.0
190,20.0,1.0,0.0,0.0,0.0,0.0,1.0,1.0,0.0,1.0,0.0,0.0,0.0,10.0,15.0,15.0,1.0,0.0,1.0,1.0,10.0,1.0,10.0,15.0,5.0
191,10.0,1.0,0.0,0.0,0.0,0.0,1.0,1.0,0.0,1.0,0.0,0.0,0.0,15.0,15.0,15.0,1.0,0.0,0.0,0.0,5.0,1.0,10.0,15.0,5.0
192,15.0,1.0,1.0,1.0,0.0,1.0,1.0,1.0,0.0,0.0,0.0,0.0,0.0,10.0,15.0,15.0,1.0,0.0,0.0,0.0,10.0,1.0,10.0,5.0,5.0
193,10.0,1.0,0.0,0.0,0.0,0.0,1.0,1.0,0.0,0.0,0.0,0.0,0.0,10.0,15.0,15.0,1.0,0.0,0.0,0.0,20.0,1.0,10.0,15.0,5.0
194,15.0,1.0,1.0,1.0,0.0,0.0,1.0,1.0,0.0,0.0,0.0,0.0,0.0,15.0,15.0,15.0,0.0,0.0,1.0,1.0,20.0,1.0,10.0,15.0,15.0
195,10.0,1.0,1.0,1.0,1.0,1.0,1.0,1.0,1.0,1.0,0.0,1.0,1.0,15.0,15.0,15.0,1.0,0.0,0.0,0.0,15.0,0.0,10.0,15.0,5.0
196,15.0,1.0,1.0,0.0,1.0,0.0,1.0,1.0,0.0,1.0,0.0,1.0,0.0,10.0,15.0,5.0,0.0,1.0,0.0,1.0,15.0,1.0,10.0,15.0,10.0
197,5.0,1.0,0.0,0.0,0.0,0.0,0.0,1.0,1.0,0.0,0.0,1.0,1.0,10.0,15.0,0.0,0.0,0.0,1.0,1.0,10.0,1.0,10.0,11.0,5.0
198,15.0,0.0,0.0,0.0,1.0,0.0,1.0,1.0,0.0,0.0,0.0,1.0,0.0,5.0,10.0,5.0,1.0,0.0,0.0,0.0,20.0,1.0,10.0,11.0,6.0
199,5.0,1.0,1.0,0.0,0.0,0.0,1.0,1.0,0.0,1.0,0.0,0.0,0.0,10.0,15.0,15.0,1.0,0.0,0.0,0.0,20.0,1.0,15.0,15.0,6.0
200,15.0,1.0,0.0,0.0,0.0,0.0,1.0,1.0,0.0,0.0,0.0,0.0,0.0,10.0,15.0,15.0,1.0,0.0,0.0,0.0,20.0,1.0,10.0,5.0,5.0
201,20.0,1.0,1.0,1.0,1.0,1.0,1.0,1.0,0.0,0.0,0.0,0.0,0.0,10.0,15.0,15.0,1.0,0.0,0.0,0.0,5.0,0.0,10.0,15.0,5.0
202,15.0,1.0,0.0,0.0,1.0,0.0,1.0,1.0,0.0,0.0,0.0,1.0,0.0,10.0,15.0,5.0,1.0,0.0,0.0,1.0,5.0,1.0,10.0,15.0,5.0
203,15.0,1.0,0.0,0.0,0.0,1.0,1.0,1.0,0.0,0.0,0.0,1.0,0.0,10.0,15.0,5.0,1.0,1.0,0.0,1.0,10.0,1.0,10.0,15.0,5.0
204,5.0,1.0,0.0,0.0,1.0,0.0,1.0,1.0,0.0,0.0,0.0,1.0,0.0,10.0,15.0,5.0,1.0,0.0,0.0,1.0,5.0,1.0,10.0,15.0,6.0
205,15.0,1.0,1.0,1.0,1.0,0.0,1.0,1.0,1.0,1.0,0.0,1.0,0.0,10.0,15.0,5.0,1.0,1.0,1.0,0.0,20.0,1.0,15.0,10.0,5.0
206,15.0,1.0,1.0,0.0,0.0,0.0,1.0,1.0,0.0,1.0,0.0,0.0,0.0,15.0,15.0,0.0,1.0,0.0,0.0,0.0,5.0,0.0,10.0,10.0,5.0
207,5.0,1.0,0.0,0.0,0.0,0.0,1.0,1.0,0.0,0.0,0.0,0.0,1.0,5.0,15.0,0.0,1.0,0.0,0.0,0.0,5.0,1.0,10.0,5.0,5.0
208,15.0,1.0,0.0,0.0,0.0,0.0,1.0,1.0,0.0,0.0,0.0,0.0,1.0,15.0,15.0,5.0,1.0,0.0,0.0,0.0,15.0,1.0,10.0,15.0,5.0
209,15.0,1.0,1.0,0.0,1.0,0.0,1.0,1.0,0.0,0.0,0.0,0.0,0.0,10.0,15.0,0.0,0.0,0.0,0.0,1.0,5.0,1.0,10.0,11.0,6.0
210,20.0,1.0,1.0,1.0,1.0,1.0,1.0,1.0,0.0,1.0,1.0,0.0,0.0,15.0,15.0,15.0,0.0,0.0,0.0,1.0,5.0,1.0,15.0,5.0,15.0
211,10.0,1.0,1.0,1.0,0.0,0.0,1.0,1.0,0.0,0.0,0.0,0.0,0.0,10.0,15.0,5.0,1.0,0.0,0.0,0.0,5.0,1.0,10.0,5.0,5.0
212,20.0,1.0,1.0,1.0,1.0,0.0,1.0,1.0,1.0,1.0,0.0,1.0,0.0,10.0,15.0,5.0,1.0,0.0,0.0,0.0,10.0,0.0,10.0,5.0,5.0
213,10.0,1.0,1.0,1.0,1.0,0.0,1.0,1.0,1.0,1.0,0.0,1.0,0.0,10.0,10.0,5.0,1.0,0.0,0.0,0.0,5.0,0.0,10.0,5.0,5.0
214,15.0,1.0,1.0,1.0,1.0,0.0,1.0,1.0,1.0,1.0,0.0,1.0,0.0,10.0,15.0,5.0,1.0,0.0,1.0,0.0,10.0,0.0,10.0,15.0,5.0
215,5.0,1.0,0.0,0.0,0.0,0.0,1.0,1.0,0.0,0.0,0.0,0.0,0.0,15.0,10.0,5.0,0.0,1.0,0.0,1.0,15.0,0.0,10.0,10.0,5.0
216,15.0,1.0,0.0,0.0,0.0,0.0,1.0,1.0,0.0,0.0,0.0,0.0,0.0,15.0,10.0,5.0,1.0,0.0,0.0,0.0,10.0,1.0,10.0,11.0,6.0
217,10.0,1.0,0.0,1.0,0.0,0.0,1.0,1.0,0.0,0.0,0.0,0.0,0.0,10.0,15.0,5.0,1.0,0.0,0.0,0.0,10.0,1.0,10.0,15.0,5.0
218,5.0,1.0,0.0,0.0,0.0,0.0,1.0,1.0,0.0,0.0,0.0,0.0,0.0,10.0,15.0,15.0,1.0,0.0,0.0,0.0,10.0,1.0,10.0,10.0,5.0
219,15.0,1.0,0.0,0.0,0.0,0.0,1.0,1.0,0.0,0.0,0.0,0.0,1.0,15.0,15.0,15.0,1.0,1.0,1.0,1.0,10.0,1.0,15.0,15.0,6.0
220,15.0,1.0,1.0,1.0,0.0,0.0,1.0,1.0,0.0,1.0,0.0,0.0,0.0,10.0,15.0,0.0,0.0,1.0,0.0,0.0,5.0,0.0,10.0,5.0,5.0
221,5.0,1.0,0.0,0.0,0.0,0.0,1.0,1.0,0.0,0.0,0.0,0.0,0.0,10.0,10.0,5.0,1.0,0.0,0.0,0.0,15.0,1.0,10.0,15.0,5.0
222,20.0,1.0,0.0,0.0,1.0,0.0,1.0,1.0,0.0,0.0,0.0,1.0,0.0,5.0,15.0,15.0,1.0,0.0,0.0,0.0,15.0,1.0,10.0,10.0,5.0
223,15.0,1.0,0.0,0.0,0.0,0.0,0.0,1.0,0.0,0.0,0.0,0.0,0.0,10.0,0.0,5.0,1.0,0.0,0.0,0.0,5.0,0.0,10.0,10.0,15.0
224,15.0,1.0,1.0,1.0,0.0,0.0,0.0,1.0,0.0,1.0,0.0,0.0,0.0,10.0,0.0,5.0,1.0,0.0,1.0,0.0,10.0,0.0,15.0,15.0,5.0
225,15.0,1.0,0.0,1.0,0.0,0.0,0.0,1.0,0.0,0.0,0.0,0.0,0.0,10.0,0.0,5.0,1.0,0.0,1.0,0.0,10.0,0.0,10.0,15.0,5.0
226,5.0,1.0,1.0,1.0,0.0,0.0,1.0,1.0,0.0,0.0,0.0,0.0,1.0,10.0,10.0,5.0,1.0,0.0,1.0,0.0,10.0,0.0,10.0,5.0,6.0
227,10.0,1.0,0.0,1.0,0.0,0.0,1.0,1.0,0.0,0.0,0.0,0.0,0.0,10.0,10.0,0.0,1.0,0.0,0.0,0.0,15.0,0.0,10.0,15.0,5.0
228,5.0,1.0,0.0,0.0,0.0,0.0,1.0,1.0,0.0,0.0,0.0,0.0,1.0,10.0,15.0,0.0,0.0,1.0,0.0,0.0,5.0,1.0,10.0,5.0,5.0
229,15.0,1.0,1.0,0.0,1.0,0.0,1.0,1.0,0.0,1.0,0.0,1.0,0.0,10.0,12.0,5.0,0.0,0.0,0.0,1.0,5.0,1.0,10.0,11.0,6.0
230,5.0,1.0,0.0,0.0,0.0,0.0,1.0,1.0,0.0,0.0,0.0,0.0,0.0,10.0,15.0,5.0,1.0,0.0,0.0,0.0,10.0,1.0,10.0,15.0,5.0
231,5.0,1.0,0.0,0.0,0.0,0.0,1.0,0.0,0.0,0.0,0.0,0.0,0.0,10.0,15.0,5.0,1.0,0.0,0.0,0.0,10.0,1.0,10.0,11.0,5.0
232,5.0,1.0,0.0,0.0,0.0,0.0,1.0,1.0,0.0,0.0,0.0,0.0,0.0,10.0,12.0,5.0,1.0,0.0,0.0,0.0,10.0,1.0,10.0,11.0,5.0
233,5.0,1.0,0.0,0.0,0.0,0.0,1.0,0.0,0.0,0.0,0.0,0.0,0.0,10.0,15.0,5.0,1.0,0.0,0.0,0.0,10.0,1.0,10.0,11.0,5.0
234,5.0,1.0,0.0,0.0,0.0,0.0,1.0,0.0,0.0,0.0,0.0,0.0,0.0,10.0,15.0,5.0,1.0,0.0,0.0,0.0,10.0,1.0,10.0,11.0,5.0
235,5.0,1.0,0.0,0.0,0.0,0.0,1.0,0.0,0.0,0.0,0.0,0.0,0.0,10.0,15.0,5.0,1.0,0.0,0.0,0.0,10.0,1.0,10.0,11.0,5.0
236,15.0,1.0,0.0,1.0,1.0,0.0,0.0,0.0,0.0,0.0,0.0,0.0,0.0,5.0,12.0,0.0,1.0,0.0,0.0,0.0,10.0,0.0,15.0,11.0,5.0
237,15.0,1.0,0.0,1.0,0.0,0.0,0.0,0.0,0.0,0.0,0.0,0.0,0.0,5.0,12.0,0.0,1.0,0.0,0.0,0.0,10.0,0.0,15.0,11.0,6.0
238,15.0,1.0,0.0,1.0,0.0,0.0,0.0,0.0,0.0,0.0,0.0,0.0,0.0,5.0,12.0,0.0,1.0,0.0,0.0,0.0,10.0,0.0,15.0,11.0,5.0
239,15.0,1.0,0.0,1.0,0.0,0.0,0.0,0.0,0.0,0.0,0.0,0.0,0.0,5.0,12.0,0.0,1.0,0.0,0.0,0.0,10.0,0.0,15.0,11.0,5.0
240,15.0,1.0,1.0,0.0,1.0,0.0,1.0,1.0,0.0,1.0,0.0,1.0,0.0,5.0,15.0,0.0,0.0,0.0,0.0,1.0,5.0,0.0,5.0,5.0,5.0
241,5.0,1.0,0.0,0.0,1.0,0.0,1.0,1.0,0.0,0.0,0.0,1.0,0.0,10.0,15.0,0.0,0.0,0.0,0.0,1.0,5.0,0.0,5.0,5.0,5.0
242,5.0,1.0,0.0,0.0,1.0,0.0,1.0,1.0,0.0,0.0,0.0,1.0,0.0,5.0,15.0,0.0,0.0,0.0,0.0,1.0,5.0,1.0,10.0,11.0,6.0
243,15.0,1.0,0.0,0.0,0.0,0.0,1.0,1.0,0.0,0.0,0.0,0.0,0.0,10.0,10.0,0.0,1.0,0.0,0.0,0.0,10.0,0.0,10.0,5.0,5.0
244,15.0,1.0,0.0,1.0,0.0,0.0,0.0,0.0,0.0,0.0,0.0,0.0,0.0,5.0,12.0,0.0,1.0,0.0,0.0,0.0,10.0,0.0,15.0,11.0,5.0
245,5.0,1.0,0.0,0.0,0.0,0.0,1.0,1.0,0.0,0.0,0.0,0.0,0.0,10.0,10.0,5.0,1.0,0.0,0.0,0.0,15.0,0.0,10.0,15.0,5.0
246,5.0,1.0,1.0,0.0,1.0,0.0,0.0,1.0,0.0,0.0,0.0,0.0,0.0,5.0,0.0,0.0,1.0,0.0,0.0,0.0,10.0,0.0,10.0,15.0,5.0
247,15.0,1.0,0.0,0.0,0.0,0.0,1.0,1.0,0.0,0.0,0.0,0.0,0.0,10.0,5.0,5.0,1.0,0.0,0.0,0.0,5.0,0.0,10.0,15.0,15.0
248,20.0,1.0,1.0,1.0,1.0,1.0,1.0,1.0,0.0,0.0,0.0,0.0,0.0,15.0,5.0,5.0,1.0,0.0,0.0,0.0,10.0,0.0,10.0,15.0,5.0
249,15.0,1.0,0.0,0.0,0.0,0.0,1.0,1.0,0.0,0.0,0.0,0.0,0.0,10.0,5.0,5.0,1.0,0.0,0.0,0.0,5.0,0.0,5.0,11.0,6.0
250,10.0,1.0,1.0,1.0,0.0,0.0,1.0,1.0,0.0,0.0,0.0,0.0,0.0,10.0,10.0,5.0,1.0,0.0,0.0,0.0,20.0,1.0,10.0,15.0,6.0
251,20.0,1.0,1.0,1.0,1.0,0.0,1.0,1.0,0.0,0.0,0.0,1.0,0.0,10.0,15.0,5.0,1.0,0.0,0.0,1.0,5.0,0.0,10.0,11.0,5.0
252,20.0,1.0,1.0,1.0,1.0,1.0,1.0,1.0,0.0,1.0,0.0,0.0,0.0,10.0,15.0,5.0,1.0,0.0,0.0,0.0,15.0,0.0,10.0,15.0,5.0
253,5.0,1.0,1.0,0.0,1.0,1.0,1.0,1.0,0.0,0.0,0.0,0.0,0.0,10.0,10.0,0.0,1.0,0.0,0.0,0.0,15.0,0.0,10.0,15.0,10.0
254,15.0,1.0,0.0,0.0,0.0,0.0,1.0,1.0,0.0,0.0,0.0,0.0,0.0,10.0,10.0,5.0,1.0,0.0,0.0,0.0,15.0,1.0,15.0,15.0,15.0
255,5.0,1.0,0.0,0.0,0.0,0.0,1.0,1.0,0.0,0.0,0.0,0.0,0.0,15.0,10.0,5.0,1.0,0.0,0.0,0.0,5.0,1.0,10.0,15.0,5.0
256,5.0,1.0,0.0,0.0,0.0,0.0,1.0,1.0,0.0,0.0,0.0,0.0,0.0,10.0,15.0,5.0,0.0,0.0,1.0,0.0,20.0,0.0,10.0,15.0,5.0
257,5.0,1.0,0.0,0.0,0.0,0.0,1.0,1.0,0.0,0.0,0.0,0.0,1.0,10.0,10.0,5.0,1.0,0.0,0.0,0.0,15.0,1.0,10.0,15.0,5.0
258,15.0,1.0,0.0,0.0,1.0,0.0,1.0,1.0,0.0,0.0,0.0,1.0,0.0,5.0,15.0,5.0,1.0,0.0,0.0,0.0,20.0,1.0,10.0,15.0,10.0
259,15.0,1.0,1.0,1.0,0.0,0.0,1.0,1.0,0.0,0.0,0.0,0.0,0.0,15.0,15.0,5.0,0.0,0.0,1.0,0.0,20.0,0.0,10.0,5.0,5.0
260,10.0,1.0,1.0,0.0,0.0,0.0,1.0,1.0,0.0,0.0,0.0,1.0,0.0,10.0,15.0,15.0,1.0,0.0,0.0,0.0,15.0,1.0,10.0,15.0,5.0
261,15.0,1.0,0.0,1.0,0.0,0.0,1.0,1.0,0.0,0.0,0.0,0.0,0.0,10.0,10.0,5.0,1.0,0.0,0.0,0.0,5.0,0.0,10.0,5.0,10.0
262,10.0,1.0,0.0,0.0,0.0,0.0,1.0,1.0,0.0,0.0,0.0,0.0,1.0,10.0,10.0,5.0,1.0,0.0,0.0,0.0,10.0,0.0,10.0,5.0,5.0
263,10.0,1.0,1.0,1.0,0.0,1.0,1.0,1.0,0.0,0.0,0.0,0.0,1.0,15.0,10.0,5.0,1.0,0.0,0.0,0.0,10.0,0.0,10.0,10.0,5.0
264,15.0,1.0,0.0,0.0,0.0,0.0,1.0,1.0,0.0,0.0,0.0,0.0,1.0,15.0,15.0,5.0,1.0,0.0,1.0,1.0,10.0,0.0,10.0,5.0,5.0
265,20.0,1.0,1.0,1.0,0.0,0.0,1.0,1.0,0.0,0.0,0.0,0.0,0.0,10.0,15.0,5.0,1.0,0.0,0.0,0.0,10.0,0.0,10.0,15.0,5.0
266,15.0,1.0,0.0,0.0,0.0,0.0,1.0,1.0,0.0,0.0,0.0,0.0,0.0,10.0,15.0,5.0,1.0,0.0,0.0,0.0,10.0,1.0,10.0,11.0,6.0
267,5.0,1.0,1.0,1.0,0.0,0.0,1.0,1.0,1.0,1.0,0.0,0.0,0.0,15.0,10.0,5.0,0.0,0.0,0.0,1.0,15.0,1.0,10.0,10.0,5.0
268,15.0,1.0,0.0,0.0,1.0,0.0,1.0,1.0,0.0,0.0,0.0,1.0,0.0,10.0,15.0,5.0,1.0,0.0,0.0,0.0,20.0,0.0,10.0,15.0,10.0
269,20.0,1.0,1.0,1.0,1.0,1.0,1.0,1.0,1.0,1.0,0.0,1.0,0.0,15.0,15.0,15.0,1.0,1.0,0.0,0.0,5.0,1.0,10.0,15.0,5.0
270,15.0,1.0,1.0,0.0,1.0,0.0,1.0,1.0,0.0,1.0,0.0,1.0,1.0,15.0,15.0,15.0,1.0,0.0,0.0,0.0,10.0,1.0,10.0,15.0,5.0
271,10.0,1.0,1.0,0.0,1.0,0.0,1.0,1.0,0.0,1.0,0.0,1.0,0.0,10.0,15.0,5.0,1.0,0.0,0.0,1.0,10.0,1.0,10.0,15.0,5.0
272,15.0,1.0,1.0,1.0,1.0,0.0,1.0,1.0,1.0,1.0,0.0,1.0,1.0,15.0,15.0,15.0,1.0,1.0,0.0,1.0,15.0,1.0,15.0,15.0,5.0
273,10.0,1.0,0.0,0.0,1.0,0.0,0.0,1.0,0.0,0.0,0.0,1.0,0.0,10.0,15.0,0.0,1.0,0.0,0.0,0.0,10.0,1.0,10.0,15.0,5.0
274,15.0,1.0,0.0,0.0,0.0,0.0,1.0,1.0,0.0,0.0,0.0,0.0,0.0,15.0,15.0,15.0,1.0,0.0,0.0,0.0,15.0,1.0,10.0,11.0,5.0
275,10.0,1.0,1.0,0.0,1.0,0.0,1.0,1.0,0.0,0.0,0.0,0.0,0.0,10.0,15.0,0.0,1.0,0.0,0.0,0.0,20.0,1.0,10.0,15.0,5.0
276,15.0,1.0,0.0,0.0,0.0,0.0,0.0,1.0,0.0,0.0,0.0,0.0,0.0,10.0,15.0,0.0,1.0,0.0,0.0,0.0,10.0,1.0,10.0,11.0,6.0
277,20.0,1.0,1.0,1.0,0.0,0.0,1.0,1.0,0.0,1.0,0.0,0.0,0.0,10.0,10.0,5.0,1.0,0.0,0.0,0.0,10.0,0.0,10.0,5.0,5.0
278,15.0,1.0,0.0,1.0,0.0,0.0,1.0,1.0,0.0,0.0,0.0,0.0,0.0,10.0,10.0,0.0,1.0,0.0,0.0,0.0,15.0,1.0,10.0,15.0,5.0
279,15.0,1.0,1.0,0.0,0.0,0.0,1.0,1.0,0.0,1.0,0.0,0.0,0.0,10.0,15.0,5.0,1.0,0.0,0.0,1.0,5.0,1.0,10.0,15.0,5.0
280,10.0,1.0,1.0,0.0,0.0,0.0,1.0,1.0,0.0,1.0,0.0,0.0,1.0,10.0,10.0,15.0,1.0,0.0,0.0,0.0,15.0,1.0,10.0,5.0,5.0
281,10.0,1.0,0.0,0.0,0.0,0.0,1.0,1.0,0.0,0.0,0.0,0.0,0.0,10.0,15.0,5.0,1.0,0.0,1.0,0.0,10.0,1.0,10.0,15.0,5.0
282,5.0,1.0,1.0,0.0,0.0,0.0,1.0,1.0,0.0,0.0,0.0,0.0,0.0,10.0,12.0,0.0,1.0,0.0,0.0,0.0,10.0,0.0,10.0,5.0,6.0
283,15.0,0.0,0.0,0.0,0.0,0.0,1.0,0.0,0.0,0.0,0.0,0.0,0.0,5.0,15.0,5.0,0.0,0.0,0.0,1.0,5.0,1.0,5.0,5.0,5.0
284,12.0,1.0,0.0,0.0,0.0,0.0,1.0,1.0,0.0,0.0,1.0,0.0,1.0,5.0,15.0,5.0,1.0,0.0,0.0,0.0,10.0,1.0,10.0,15.0,6.0
285,5.0,1.0,0.0,0.0,0.0,0.0,1.0,1.0,0.0,0.0,0.0,1.0,0.0,10.0,10.0,5.0,1.0,0.0,0.0,0.0,10.0,1.0,10.0,11.0,6.0
286,5.0,1.0,0.0,0.0,0.0,0.0,1.0,1.0,0.0,0.0,0.0,0.0,0.0,5.0,10.0,15.0,0.0,0.0,0.0,0.0,15.0,1.0,10.0,15.0,10.0
287,20.0,1.0,1.0,1.0,1.0,1.0,1.0,1.0,0.0,1.0,0.0,1.0,0.0,10.0,15.0,0.0,1.0,0.0,0.0,1.0,5.0,1.0,10.0,5.0,6.0
288,15.0,1.0,0.0,0.0,1.0,0.0,1.0,1.0,0.0,0.0,0.0,1.0,1.0,10.0,10.0,0.0,1.0,0.0,0.0,0.0,5.0,0.0,10.0,15.0,5.0
289,15.0,1.0,1.0,0.0,0.0,0.0,1.0,1.0,0.0,1.0,0.0,0.0,0.0,10.0,15.0,0.0,1.0,0.0,0.0,0.0,5.0,0.0,10.0,15.0,5.0
290,5.0,0.0,1.0,0.0,0.0,0.0,1.0,0.0,0.0,1.0,0.0,0.0,0.0,5.0,15.0,0.0,1.0,0.0,0.0,0.0,10.0,1.0,10.0,11.0,5.0
291,5.0,1.0,1.0,0.0,0.0,0.0,1.0,1.0,0.0,0.0,0.0,0.0,0.0,10.0,12.0,0.0,1.0,0.0,0.0,0.0,10.0,0.0,10.0,5.0,6.0
292,15.0,1.0,0.0,0.0,0.0,0.0,1.0,1.0,0.0,0.0,0.0,0.0,0.0,10.0,10.0,5.0,1.0,0.0,0.0,0.0,10.0,0.0,10.0,5.0,15.0
293,15.0,1.0,1.0,1.0,0.0,0.0,1.0,1.0,0.0,1.0,1.0,0.0,1.0,10.0,15.0,5.0,1.0,0.0,0.0,1.0,20.0,1.0,10.0,11.0,5.0
294,5.0,1.0,0.0,0.0,0.0,0.0,1.0,1.0,0.0,0.0,0.0,0.0,0.0,5.0,15.0,0.0,1.0,0.0,0.0,0.0,5.0,0.0,10.0,5.0,5.0
295,5.0,1.0,0.0,0.0,1.0,0.0,0.0,1.0,0.0,0.0,0.0,0.0,0.0,10.0,12.0,5.0,0.0,0.0,0.0,1.0,5.0,1.0,10.0,5.0,10.0
296,15.0,1.0,1.0,0.0,0.0,0.0,1.0,1.0,0.0,0.0,0.0,0.0,0.0,10.0,15.0,0.0,1.0,0.0,0.0,0.0,20.0,0.0,10.0,15.0,6.0
297,15.0,1.0,1.0,1.0,0.0,0.0,1.0,0.0,1.0,0.0,0.0,0.0,0.0,10.0,15.0,0.0,0.0,1.0,0.0,0.0,10.0,0.0,10.0,11.0,6.0
298,5.0,1.0,0.0,0.0,1.0,0.0,1.0,0.0,0.0,0.0,0.0,1.0,0.0,10.0,15.0,0.0,0.0,0.0,0.0,1.0,5.0,0.0,5.0,5.0,5.0
299,5.0,1.0,0.0,0.0,0.0,0.0,1.0,1.0,0.0,0.0,0.0,0.0,0.0,10.0,15.0,5.0,1.0,0.0,0.0,0.0,20.0,0.0,10.0,15.0,6.0
300,15.0,1.0,1.0,0.0,0.0,0.0,1.0,1.0,0.0,1.0,0.0,0.0,1.0,10.0,15.0,15.0,1.0,0.0,0.0,0.0,10.0,1.0,15.0,15.0,5.0
301,5.0,1.0,1.0,1.0,0.0,0.0,1.0,1.0,0.0,0.0,0.0,0.0,1.0,5.0,10.0,5.0,1.0,0.0,1.0,0.0,10.0,1.0,10.0,15.0,5.0
302,5.0,1.0,0.0,0.0,0.0,0.0,1.0,1.0,0.0,0.0,0.0,0.0,0.0,5.0,12.0,0.0,1.0,0.0,0.0,0.0,5.0,0.0,10.0,5.0,5.0
303,15.0,1.0,1.0,1.0,1.0,1.0,1.0,1.0,0.0,0.0,0.0,0.0,0.0,5.0,15.0,5.0,1.0,0.0,0.0,0.0,5.0,0.0,10.0,5.0,5.0
304,5.0,1.0,1.0,0.0,0.0,0.0,1.0,1.0,0.0,0.0,0.0,0.0,0.0,10.0,10.0,5.0,1.0,0.0,0.0,0.0,5.0,0.0,10.0,10.0,5.0
305,5.0,1.0,0.0,0.0,0.0,0.0,1.0,0.0,0.0,0.0,0.0,0.0,0.0,5.0,15.0,0.0,0.0,1.0,0.0,0.0,20.0,0.0,10.0,15.0,5.0
306,5.0,1.0,0.0,1.0,0.0,0.0,1.0,1.0,1.0,0.0,0.0,0.0,1.0,10.0,10.0,0.0,1.0,0.0,0.0,0.0,10.0,0.0,15.0,11.0,15.0
307,5.0,0.0,0.0,1.0,0.0,0.0,1.0,1.0,1.0,0.0,0.0,0.0,0.0,10.0,10.0,0.0,1.0,0.0,0.0,1.0,10.0,0.0,10.0,15.0,6.0
308,5.0,1.0,0.0,0.0,1.0,0.0,1.0,1.0,0.0,0.0,0.0,1.0,0.0,5.0,10.0,5.0,0.0,0.0,0.0,1.0,5.0,0.0,10.0,15.0,5.0
309,5.0,1.0,1.0,0.0,1.0,0.0,1.0,1.0,0.0,1.0,0.0,1.0,0.0,10.0,10.0,5.0,1.0,0.0,1.0,0.0,10.0,0.0,10.0,15.0,5.0
310,5.0,1.0,0.0,0.0,0.0,0.0,1.0,1.0,0.0,0.0,0.0,0.0,0.0,10.0,10.0,5.0,1.0,0.0,0.0,0.0,10.0,1.0,10.0,11.0,5.0
311,10.0,1.0,0.0,0.0,0.0,0.0,1.0,1.0,0.0,0.0,0.0,0.0,0.0,15.0,15.0,5.0,1.0,0.0,0.0,0.0,20.0,0.0,10.0,15.0,5.0
312,10.0,1.0,0.0,1.0,0.0,0.0,1.0,1.0,0.0,0.0,0.0,0.0,0.0,10.0,10.0,5.0,1.0,0.0,0.0,0.0,20.0,0.0,10.0,15.0,5.0
313,15.0,1.0,0.0,0.0,0.0,0.0,1.0,1.0,0.0,0.0,0.0,0.0,0.0,10.0,10.0,5.0,1.0,0.0,0.0,0.0,10.0,1.0,10.0,15.0,5.0
314,5.0,1.0,0.0,0.0,0.0,0.0,1.0,1.0,0.0,0.0,0.0,0.0,0.0,15.0,10.0,5.0,1.0,0.0,0.0,0.0,10.0,1.0,10.0,15.0,5.0
315,5.0,1.0,0.0,0.0,0.0,0.0,1.0,1.0,0.0,0.0,0.0,0.0,0.0,10.0,10.0,5.0,1.0,0.0,0.0,0.0,10.0,0.0,10.0,5.0,5.0
316,15.0,1.0,0.0,0.0,0.0,0.0,1.0,1.0,0.0,0.0,0.0,0.0,0.0,10.0,15.0,5.0,1.0,0.0,0.0,0.0,20.0,1.0,10.0,11.0,5.0
317,15.0,1.0,0.0,1.0,0.0,0.0,0.0,1.0,1.0,0.0,0.0,0.0,0.0,10.0,10.0,5.0,0.0,0.0,0.0,0.0,15.0,0.0,15.0,11.0,15.0
318,15.0,1.0,0.0,1.0,0.0,0.0,1.0,1.0,1.0,0.0,0.0,0.0,0.0,10.0,10.0,5.0,0.0,0.0,0.0,1.0,10.0,0.0,5.0,11.0,6.0
319,20.0,1.0,1.0,1.0,1.0,0.0,1.0,1.0,1.0,1.0,0.0,1.0,0.0,10.0,15.0,5.0,1.0,0.0,0.0,1.0,10.0,1.0,10.0,15.0,5.0
320,5.0,1.0,0.0,0.0,0.0,0.0,1.0,1.0,0.0,0.0,0.0,0.0,0.0,10.0,10.0,5.0,1.0,0.0,0.0,0.0,5.0,0.0,10.0,5.0,5.0
321,15.0,1.0,1.0,1.0,1.0,0.0,1.0,1.0,0.0,0.0,0.0,0.0,0.0,5.0,15.0,5.0,1.0,1.0,0.0,0.0,10.0,1.0,10.0,11.0,5.0
322,20.0,1.0,1.0,1.0,1.0,1.0,1.0,1.0,0.0,0.0,0.0,0.0,0.0,15.0,10.0,15.0,1.0,0.0,0.0,1.0,10.0,0.0,10.0,15.0,5.0
323,10.0,1.0,1.0,1.0,1.0,1.0,1.0,1.0,0.0,1.0,0.0,0.0,0.0,15.0,10.0,5.0,0.0,0.0,0.0,1.0,5.0,0.0,10.0,5.0,5.0
324,20.0,1.0,1.0,1.0,1.0,1.0,1.0,1.0,0.0,0.0,0.0,0.0,0.0,10.0,15.0,5.0,1.0,0.0,0.0,0.0,5.0,0.0,15.0,5.0,5.0
325,15.0,1.0,1.0,0.0,1.0,0.0,1.0,1.0,0.0,1.0,0.0,1.0,0.0,10.0,12.0,5.0,1.0,0.0,0.0,1.0,5.0,1.0,10.0,11.0,6.0
326,20.0,1.0,1.0,1.0,1.0,1.0,1.0,1.0,0.0,0.0,0.0,1.0,0.0,5.0,15.0,0.0,1.0,0.0,0.0,0.0,5.0,0.0,10.0,15.0,5.0
327,10.0,1.0,1.0,1.0,1.0,1.0,1.0,1.0,1.0,1.0,1.0,1.0,0.0,10.0,15.0,15.0,1.0,1.0,1.0,1.0,5.0,1.0,10.0,15.0,5.0
328,20.0,1.0,1.0,1.0,1.0,1.0,1.0,1.0,1.0,1.0,1.0,1.0,0.0,10.0,15.0,0.0,1.0,0.0,0.0,0.0,10.0,0.0,10.0,15.0,5.0
329,15.0,1.0,1.0,1.0,0.0,0.0,0.0,1.0,1.0,1.0,0.0,0.0,0.0,10.0,12.0,5.0,0.0,1.0,0.0,0.0,10.0,0.0,10.0,10.0,5.0
330,20.0,1.0,1.0,0.0,0.0,0.0,1.0,1.0,0.0,1.0,0.0,0.0,0.0,10.0,15.0,15.0,1.0,0.0,0.0,1.0,10.0,1.0,10.0,15.0,5.0
331,10.0,1.0,0.0,0.0,0.0,0.0,1.0,1.0,1.0,0.0,0.0,0.0,1.0,5.0,15.0,0.0,1.0,0.0,0.0,0.0,5.0,0.0,10.0,15.0,5.0
332,15.0,1.0,0.0,0.0,0.0,0.0,1.0,1.0,0.0,0.0,0.0,0.0,0.0,10.0,15.0,0.0,1.0,0.0,0.0,0.0,10.0,0.0,10.0,11.0,10.0
333,5.0,1.0,0.0,0.0,0.0,0.0,1.0,1.0,0.0,0.0,0.0,0.0,0.0,5.0,15.0,0.0,1.0,0.0,1.0,1.0,15.0,1.0,5.0,5.0,5.0
334,15.0,1.0,0.0,1.0,0.0,0.0,1.0,1.0,0.0,1.0,0.0,0.0,1.0,15.0,15.0,5.0,1.0,0.0,0.0,0.0,20.0,1.0,10.0,11.0,6.0
335,15.0,1.0,0.0,0.0,0.0,0.0,0.0,1.0,0.0,1.0,0.0,0.0,0.0,10.0,10.0,5.0,1.0,0.0,0.0,0.0,15.0,0.0,10.0,15.0,5.0
336,5.0,1.0,0.0,0.0,0.0,0.0,1.0,1.0,0.0,0.0,0.0,0.0,0.0,10.0,10.0,5.0,1.0,0.0,0.0,0.0,15.0,0.0,10.0,15.0,5.0
337,15.0,1.0,0.0,0.0,0.0,0.0,1.0,1.0,0.0,0.0,0.0,0.0,0.0,10.0,0.0,0.0,1.0,0.0,0.0,0.0,5.0,0.0,15.0,15.0,5.0
338,15.0,1.0,0.0,0.0,0.0,0.0,0.0,1.0,0.0,0.0,0.0,0.0,0.0,5.0,0.0,0.0,1.0,0.0,0.0,0.0,5.0,0.0,10.0,15.0,6.0
339,20.0,1.0,0.0,1.0,1.0,0.0,1.0,1.0,0.0,0.0,0.0,1.0,0.0,10.0,10.0,0.0,1.0,0.0,0.0,0.0,10.0,0.0,10.0,5.0,5.0
340,15.0,1.0,0.0,0.0,0.0,0.0,1.0,1.0,0.0,0.0,0.0,0.0,0.0,5.0,15.0,5.0,1.0,0.0,0.0,0.0,5.0,0.0,10.0,5.0,5.0
341,15.0,1.0,0.0,0.0,0.0,0.0,0.0,1.0,0.0,0.0,0.0,0.0,0.0,5.0,15.0,0.0,0.0,0.0,0.0,1.0,5.0,0.0,10.0,5.0,5.0
342,5.0,1.0,0.0,1.0,0.0,0.0,1.0,1.0,0.0,0.0,0.0,0.0,0.0,5.0,10.0,0.0,1.0,0.0,0.0,0.0,10.0,0.0,10.0,15.0,5.0
343,15.0,1.0,1.0,0.0,1.0,0.0,1.0,1.0,0.0,1.0,0.0,1.0,0.0,10.0,12.0,5.0,0.0,0.0,0.0,1.0,5.0,1.0,10.0,11.0,6.0
344,5.0,1.0,0.0,1.0,0.0,0.0,0.0,1.0,0.0,0.0,0.0,0.0,0.0,5.0,15.0,0.0,1.0,1.0,0.0,0.0,5.0,0.0,10.0,15.0,5.0
345,15.0,1.0,0.0,1.0,0.0,0.0,1.0,1.0,0.0,0.0,0.0,0.0,0.0,10.0,15.0,0.0,1.0,0.0,0.0,0.0,5.0,0.0,10.0,15.0,5.0
346,5.0,1.0,1.0,1.0,0.0,0.0,1.0,1.0,1.0,1.0,0.0,0.0,1.0,15.0,15.0,15.0,1.0,1.0,1.0,0.0,20.0,1.0,10.0,5.0,5.0
347,5.0,1.0,0.0,0.0,0.0,0.0,1.0,1.0,0.0,0.0,0.0,0.0,0.0,10.0,15.0,0.0,1.0,0.0,1.0,0.0,10.0,1.0,10.0,5.0,6.0
348,5.0,1.0,1.0,0.0,0.0,1.0,1.0,1.0,1.0,0.0,0.0,0.0,1.0,15.0,15.0,5.0,1.0,0.0,0.0,0.0,10.0,1.0,10.0,15.0,5.0
349,12.0,1.0,0.0,0.0,0.0,0.0,1.0,1.0,0.0,0.0,0.0,0.0,1.0,10.0,10.0,0.0,1.0,0.0,0.0,0.0,10.0,1.0,10.0,15.0,5.0
350,20.0,1.0,0.0,1.0,0.0,1.0,1.0,1.0,0.0,0.0,0.0,0.0,0.0,15.0,15.0,0.0,1.0,1.0,1.0,0.0,5.0,1.0,10.0,10.0,5.0
351,5.0,1.0,1.0,1.0,1.0,0.0,1.0,1.0,0.0,0.0,0.0,0.0,0.0,15.0,0.0,15.0,1.0,0.0,0.0,0.0,15.0,1.0,10.0,15.0,6.0
352,15.0,1.0,1.0,0.0,0.0,0.0,0.0,1.0,0.0,1.0,0.0,0.0,0.0,10.0,10.0,5.0,1.0,0.0,0.0,0.0,10.0,0.0,10.0,15.0,6.0
353,20.0,1.0,1.0,1.0,1.0,1.0,1.0,1.0,0.0,1.0,1.0,1.0,0.0,15.0,15.0,5.0,1.0,0.0,0.0,0.0,10.0,1.0,10.0,15.0,5.0
354,5.0,1.0,0.0,0.0,0.0,0.0,1.0,1.0,0.0,0.0,0.0,0.0,0.0,5.0,10.0,0.0,1.0,0.0,0.0,0.0,10.0,1.0,10.0,15.0,6.0
355,20.0,1.0,1.0,0.0,1.0,0.0,1.0,1.0,0.0,1.0,0.0,1.0,0.0,10.0,15.0,15.0,1.0,0.0,0.0,0.0,10.0,0.0,10.0,15.0,5.0
356,20.0,1.0,1.0,1.0,0.0,0.0,1.0,1.0,0.0,0.0,0.0,0.0,0.0,10.0,15.0,5.0,1.0,0.0,0.0,0.0,10.0,1.0,15.0,15.0,5.0
357,15.0,1.0,0.0,0.0,0.0,0.0,1.0,1.0,0.0,0.0,0.0,0.0,0.0,10.0,15.0,15.0,1.0,0.0,0.0,0.0,10.0,1.0,10.0,15.0,5.0
358,5.0,0.0,0.0,0.0,1.0,0.0,1.0,0.0,0.0,0.0,0.0,1.0,0.0,5.0,10.0,0.0,1.0,0.0,0.0,0.0,10.0,0.0,10.0,5.0,6.0
359,10.0,1.0,1.0,1.0,0.0,0.0,1.0,1.0,0.0,1.0,0.0,0.0,0.0,15.0,15.0,15.0,1.0,0.0,0.0,0.0,10.0,1.0,10.0,15.0,5.0
360,15.0,1.0,1.0,0.0,0.0,0.0,1.0,1.0,0.0,1.0,0.0,0.0,0.0,10.0,15.0,15.0,1.0,0.0,0.0,1.0,5.0,1.0,10.0,15.0,6.0
361,20.0,1.0,1.0,1.0,1.0,0.0,1.0,1.0,0.0,0.0,0.0,1.0,0.0,5.0,10.0,5.0,1.0,0.0,0.0,0.0,10.0,0.0,15.0,11.0,5.0
362,5.0,0.0,0.0,0.0,1.0,0.0,1.0,0.0,0.0,0.0,0.0,1.0,0.0,5.0,10.0,0.0,1.0,0.0,0.0,0.0,10.0,0.0,10.0,5.0,6.0
363,10.0,1.0,1.0,0.0,1.0,0.0,1.0,1.0,0.0,1.0,0.0,0.0,0.0,10.0,10.0,5.0,1.0,0.0,0.0,0.0,5.0,1.0,10.0,15.0,5.0
364,5.0,1.0,1.0,0.0,1.0,0.0,1.0,1.0,0.0,1.0,0.0,1.0,0.0,10.0,10.0,15.0,1.0,0.0,0.0,0.0,10.0,0.0,10.0,15.0,5.0
365,15.0,1.0,0.0,0.0,0.0,0.0,1.0,1.0,0.0,0.0,0.0,0.0,0.0,10.0,15.0,15.0,0.0,0.0,0.0,1.0,20.0,1.0,10.0,15.0,5.0
366,15.0,1.0,0.0,1.0,0.0,0.0,1.0,1.0,0.0,0.0,0.0,0.0,1.0,15.0,15.0,5.0,0.0,0.0,1.0,0.0,20.0,1.0,10.0,15.0,5.0
367,10.0,1.0,0.0,0.0,0.0,0.0,0.0,1.0,0.0,0.0,0.0,0.0,0.0,15.0,0.0,0.0,1.0,0.0,1.0,0.0,10.0,0.0,10.0,11.0,6.0
368,10.0,1.0,0.0,0.0,0.0,0.0,1.0,1.0,0.0,0.0,0.0,0.0,0.0,15.0,10.0,5.0,1.0,0.0,0.0,0.0,5.0,1.0,10.0,15.0,6.0
369,10.0,1.0,1.0,1.0,0.0,0.0,1.0,1.0,0.0,1.0,0.0,0.0,0.0,10.0,15.0,5.0,1.0,0.0,0.0,1.0,10.0,1.0,10.0,15.0,5.0
370,15.0,1.0,0.0,0.0,0.0,0.0,1.0,1.0,0.0,0.0,1.0,0.0,0.0,10.0,10.0,0.0,1.0,0.0,1.0,1.0,10.0,1.0,10.0,5.0,5.0
371,10.0,1.0,0.0,0.0,0.0,0.0,1.0,1.0,0.0,0.0,0.0,0.0,0.0,5.0,10.0,5.0,1.0,0.0,0.0,0.0,10.0,0.0,10.0,5.0,5.0
372,15.0,1.0,0.0,0.0,0.0,0.0,1.0,1.0,0.0,0.0,0.0,0.0,1.0,10.0,15.0,15.0,1.0,1.0,0.0,1.0,5.0,1.0,15.0,11.0,10.0
373,10.0,1.0,1.0,0.0,0.0,0.0,1.0,1.0,0.0,0.0,0.0,0.0,0.0,10.0,10.0,5.0,1.0,0.0,0.0,0.0,5.0,0.0,10.0,15.0,6.0
374,15.0,1.0,1.0,1.0,1.0,1.0,1.0,1.0,0.0,0.0,0.0,0.0,0.0,15.0,15.0,15.0,1.0,1.0,0.0,0.0,5.0,1.0,10.0,11.0,5.0
375,5.0,1.0,0.0,0.0,0.0,0.0,1.0,1.0,0.0,0.0,0.0,0.0,0.0,5.0,10.0,15.0,1.0,1.0,1.0,1.0,15.0,1.0,10.0,15.0,10.0
376,15.0,1.0,1.0,1.0,0.0,0.0,1.0,1.0,1.0,1.0,0.0,0.0,1.0,10.0,15.0,0.0,0.0,0.0,1.0,0.0,20.0,1.0,10.0,15.0,5.0
377,15.0,1.0,1.0,0.0,0.0,0.0,1.0,1.0,0.0,0.0,0.0,0.0,0.0,15.0,15.0,0.0,1.0,0.0,0.0,0.0,10.0,1.0,10.0,10.0,5.0
378,10.0,1.0,0.0,0.0,0.0,0.0,1.0,1.0,0.0,0.0,0.0,0.0,0.0,5.0,10.0,0.0,1.0,0.0,0.0,0.0,10.0,0.0,10.0,15.0,10.0
379,5.0,1.0,0.0,0.0,0.0,0.0,1.0,1.0,0.0,0.0,0.0,0.0,0.0,10.0,10.0,5.0,1.0,0.0,0.0,0.0,15.0,1.0,10.0,15.0,5.0
380,15.0,1.0,0.0,0.0,0.0,0.0,1.0,1.0,0.0,0.0,0.0,0.0,0.0,5.0,15.0,0.0,1.0,0.0,0.0,0.0,5.0,1.0,10.0,15.0,5.0
381,5.0,1.0,0.0,0.0,0.0,0.0,1.0,1.0,0.0,0.0,0.0,0.0,0.0,10.0,10.0,0.0,1.0,0.0,0.0,0.0,20.0,1.0,10.0,15.0,5.0
382,15.0,1.0,0.0,0.0,0.0,0.0,0.0,1.0,0.0,0.0,0.0,0.0,1.0,10.0,15.0,0.0,1.0,0.0,0.0,0.0,10.0,1.0,10.0,11.0,5.0
383,15.0,1.0,1.0,1.0,1.0,1.0,1.0,1.0,0.0,1.0,0.0,0.0,0.0,10.0,15.0,15.0,1.0,0.0,0.0,0.0,10.0,0.0,10.0,15.0,5.0
384,15.0,1.0,0.0,0.0,0.0,0.0,1.0,1.0,0.0,0.0,0.0,0.0,1.0,5.0,15.0,15.0,1.0,0.0,0.0,1.0,10.0,0.0,10.0,5.0,5.0
385,15.0,1.0,1.0,1.0,1.0,0.0,1.0,1.0,0.0,0.0,0.0,1.0,0.0,15.0,15.0,15.0,1.0,0.0,0.0,1.0,10.0,1.0,10.0,11.0,5.0
386,15.0,1.0,0.0,0.0,0.0,0.0,1.0,1.0,0.0,0.0,0.0,0.0,0.0,5.0,0.0,0.0,1.0,0.0,0.0,0.0,5.0,0.0,10.0,15.0,5.0
387,5.0,0.0,0.0,0.0,0.0,0.0,1.0,1.0,0.0,1.0,0.0,1.0,0.0,10.0,10.0,5.0,1.0,0.0,0.0,0.0,10.0,0.0,10.0,15.0,15.0
388,15.0,1.0,0.0,0.0,0.0,0.0,1.0,1.0,0.0,0.0,0.0,0.0,1.0,10.0,15.0,5.0,1.0,0.0,0.0,0.0,5.0,1.0,10.0,15.0,5.0
389,15.0,1.0,0.0,0.0,0.0,0.0,1.0,1.0,0.0,0.0,0.0,0.0,1.0,10.0,15.0,5.0,1.0,0.0,0.0,0.0,5.0,1.0,10.0,5.0,10.0
390,5.0,1.0,0.0,0.0,0.0,0.0,1.0,1.0,0.0,0.0,0.0,0.0,0.0,15.0,10.0,5.0,1.0,0.0,0.0,0.0,15.0,1.0,10.0,15.0,5.0
391,10.0,1.0,0.0,0.0,1.0,0.0,1.0,1.0,0.0,0.0,0.0,1.0,0.0,5.0,5.0,0.0,1.0,0.0,0.0,0.0,10.0,0.0,10.0,5.0,5.0
392,20.0,1.0,0.0,0.0,0.0,0.0,1.0,1.0,0.0,0.0,0.0,0.0,0.0,10.0,10.0,0.0,1.0,0.0,0.0,0.0,5.0,0.0,10.0,5.0,5.0
393,5.0,1.0,0.0,0.0,0.0,0.0,1.0,1.0,0.0,0.0,0.0,0.0,0.0,10.0,5.0,5.0,1.0,0.0,0.0,0.0,5.0,0.0,5.0,5.0,5.0
394,5.0,1.0,0.0,0.0,0.0,0.0,1.0,1.0,0.0,0.0,0.0,0.0,0.0,10.0,10.0,5.0,1.0,0.0,0.0,0.0,5.0,0.0,10.0,5.0,5.0
395,10.0,0.0,1.0,1.0,0.0,0.0,1.0,1.0,0.0,0.0,0.0,0.0,0.0,15.0,5.0,5.0,1.0,0.0,0.0,0.0,5.0,0.0,5.0,5.0,5.0
396,10.0,1.0,1.0,1.0,1.0,1.0,1.0,1.0,0.0,0.0,0.0,0.0,0.0,10.0,5.0,5.0,1.0,0.0,0.0,1.0,5.0,0.0,10.0,5.0,5.0
397,20.0,1.0,1.0,1.0,1.0,1.0,1.0,1.0,0.0,0.0,0.0,0.0,0.0,10.0,10.0,5.0,1.0,0.0,0.0,1.0,5.0,0.0,10.0,5.0,5.0
398,15.0,1.0,0.0,0.0,0.0,0.0,1.0,0.0,0.0,0.0,0.0,0.0,1.0,10.0,5.0,5.0,1.0,0.0,0.0,0.0,20.0,0.0,10.0,5.0,5.0
399,20.0,1.0,1.0,1.0,1.0,1.0,1.0,1.0,0.0,1.0,0.0,0.0,0.0,10.0,15.0,0.0,0.0,1.0,0.0,0.0,20.0,0.0,10.0,5.0,5.0
400,5.0,1.0,0.0,0.0,0.0,0.0,1.0,1.0,0.0,0.0,0.0,0.0,0.0,5.0,12.0,0.0,1.0,0.0,0.0,0.0,5.0,0.0,10.0,15.0,5.0
401,20.0,1.0,1.0,1.0,1.0,1.0,1.0,1.0,0.0,0.0,0.0,0.0,0.0,10.0,10.0,5.0,1.0,0.0,0.0,0.0,5.0,0.0,10.0,5.0,5.0
402,15.0,1.0,0.0,0.0,0.0,0.0,1.0,1.0,0.0,0.0,0.0,0.0,0.0,10.0,15.0,15.0,1.0,0.0,0.0,0.0,10.0,1.0,10.0,15.0,6.0
403,5.0,1.0,0.0,0.0,0.0,0.0,0.0,1.0,0.0,0.0,0.0,0.0,0.0,5.0,0.0,0.0,0.0,0.0,1.0,0.0,20.0,0.0,10.0,15.0,5.0
404,5.0,1.0,0.0,0.0,0.0,0.0,0.0,1.0,0.0,0.0,0.0,0.0,0.0,5.0,5.0,0.0,1.0,0.0,0.0,0.0,5.0,1.0,10.0,11.0,6.0
405,15.0,1.0,1.0,1.0,0.0,0.0,1.0,1.0,0.0,0.0,0.0,0.0,0.0,10.0,15.0,5.0,1.0,0.0,0.0,0.0,10.0,0.0,10.0,15.0,5.0
406,5.0,1.0,0.0,0.0,0.0,0.0,1.0,1.0,0.0,0.0,0.0,0.0,1.0,15.0,12.0,5.0,1.0,0.0,0.0,0.0,20.0,1.0,10.0,15.0,6.0
407,5.0,1.0,0.0,0.0,0.0,0.0,1.0,1.0,0.0,0.0,0.0,0.0,1.0,5.0,15.0,0.0,1.0,0.0,0.0,0.0,5.0,0.0,10.0,5.0,5.0
408,15.0,1.0,1.0,0.0,0.0,0.0,1.0,1.0,0.0,0.0,0.0,0.0,0.0,5.0,0.0,0.0,0.0,1.0,1.0,0.0,10.0,0.0,10.0,15.0,5.0
409,10.0,1.0,1.0,1.0,0.0,0.0,1.0,1.0,0.0,0.0,0.0,0.0,0.0,10.0,5.0,15.0,1.0,0.0,0.0,0.0,10.0,1.0,10.0,15.0,5.0
410,20.0,1.0,1.0,1.0,0.0,1.0,1.0,1.0,0.0,1.0,0.0,0.0,1.0,10.0,10.0,5.0,1.0,0.0,0.0,1.0,15.0,0.0,10.0,15.0,5.0
411,20.0,1.0,1.0,1.0,0.0,1.0,1.0,1.0,1.0,0.0,0.0,0.0,1.0,15.0,15.0,5.0,1.0,0.0,0.0,0.0,15.0,0.0,10.0,10.0,5.0
412,20.0,1.0,1.0,1.0,0.0,1.0,1.0,1.0,0.0,0.0,0.0,0.0,0.0,10.0,15.0,5.0,1.0,0.0,0.0,0.0,5.0,0.0,10.0,5.0,5.0
413,5.0,1.0,1.0,0.0,1.0,0.0,1.0,1.0,0.0,1.0,0.0,0.0,1.0,10.0,15.0,0.0,1.0,0.0,0.0,0.0,5.0,0.0,15.0,10.0,5.0
414,12.0,1.0,1.0,1.0,1.0,1.0,1.0,1.0,1.0,0.0,0.0,0.0,0.0,10.0,15.0,5.0,1.0,0.0,1.0,1.0,10.0,0.0,10.0,10.0,5.0
415,10.0,1.0,1.0,1.0,1.0,1.0,1.0,1.0,1.0,0.0,0.0,0.0,0.0,5.0,10.0,5.0,1.0,0.0,0.0,0.0,10.0,0.0,10.0,10.0,5.0
416,10.0,1.0,1.0,1.0,1.0,0.0,1.0,1.0,0.0,1.0,0.0,1.0,1.0,10.0,10.0,15.0,1.0,0.0,0.0,0.0,10.0,1.0,10.0,15.0,5.0
417,20.0,1.0,1.0,1.0,0.0,0.0,1.0,1.0,0.0,1.0,0.0,0.0,1.0,10.0,10.0,5.0,1.0,0.0,0.0,0.0,5.0,1.0,10.0,15.0,5.0
418,15.0,1.0,1.0,1.0,0.0,0.0,1.0,1.0,0.0,0.0,0.0,0.0,0.0,10.0,12.0,0.0,1.0,0.0,0.0,0.0,5.0,0.0,10.0,5.0,5.0
419,15.0,1.0,1.0,1.0,0.0,0.0,1.0,1.0,0.0,0.0,0.0,0.0,0.0,5.0,10.0,0.0,1.0,0.0,0.0,0.0,5.0,0.0,10.0,5.0,5.0
420,10.0,1.0,1.0,1.0,0.0,0.0,1.0,1.0,0.0,1.0,0.0,0.0,0.0,10.0,10.0,0.0,1.0,1.0,0.0,0.0,5.0,1.0,10.0,11.0,5.0
421,5.0,1.0,1.0,0.0,0.0,0.0,1.0,1.0,0.0,0.0,0.0,0.0,0.0,5.0,5.0,5.0,1.0,0.0,0.0,0.0,5.0,0.0,10.0,15.0,5.0
422,15.0,1.0,0.0,0.0,1.0,0.0,1.0,1.0,0.0,0.0,0.0,1.0,0.0,5.0,10.0,5.0,1.0,1.0,0.0,0.0,5.0,1.0,10.0,5.0,10.0
423,15.0,1.0,0.0,0.0,0.0,0.0,1.0,1.0,0.0,0.0,0.0,0.0,0.0,10.0,10.0,5.0,1.0,0.0,0.0,0.0,5.0,1.0,5.0,5.0,6.0
424,15.0,1.0,0.0,0.0,0.0,0.0,1.0,1.0,0.0,0.0,0.0,0.0,0.0,5.0,15.0,0.0,0.0,0.0,0.0,1.0,5.0,0.0,10.0,5.0,10.0
425,15.0,1.0,0.0,0.0,0.0,0.0,1.0,1.0,0.0,0.0,0.0,0.0,0.0,5.0,15.0,0.0,0.0,0.0,0.0,1.0,5.0,0.0,10.0,5.0,10.0
426,10.0,1.0,0.0,0.0,0.0,0.0,1.0,1.0,0.0,0.0,0.0,0.0,0.0,5.0,10.0,5.0,1.0,0.0,0.0,0.0,5.0,1.0,10.0,15.0,6.0
427,15.0,1.0,0.0,0.0,0.0,0.0,1.0,0.0,0.0,0.0,0.0,0.0,0.0,15.0,15.0,5.0,1.0,0.0,0.0,0.0,20.0,1.0,10.0,11.0,5.0
428,15.0,1.0,1.0,0.0,1.0,0.0,0.0,1.0,1.0,1.0,0.0,1.0,0.0,10.0,5.0,5.0,1.0,0.0,0.0,0.0,10.0,0.0,10.0,15.0,5.0
429,5.0,1.0,1.0,1.0,0.0,0.0,1.0,1.0,1.0,1.0,0.0,0.0,0.0,15.0,15.0,0.0,1.0,1.0,1.0,1.0,10.0,0.0,10.0,5.0,5.0
430,15.0,1.0,1.0,1.0,0.0,1.0,1.0,1.0,0.0,0.0,0.0,0.0,0.0,10.0,15.0,0.0,1.0,0.0,0.0,0.0,15.0,1.0,10.0,15.0,5.0
431,15.0,1.0,0.0,0.0,0.0,0.0,1.0,1.0,0.0,0.0,0.0,0.0,0.0,10.0,10.0,5.0,1.0,0.0,0.0,0.0,5.0,0.0,10.0,5.0,5.0
432,15.0,1.0,0.0,0.0,0.0,0.0,1.0,1.0,0.0,0.0,0.0,0.0,0.0,10.0,15.0,5.0,1.0,0.0,0.0,0.0,5.0,0.0,10.0,5.0,5.0
433,5.0,1.0,0.0,0.0,0.0,0.0,1.0,0.0,0.0,0.0,0.0,0.0,1.0,5.0,10.0,0.0,1.0,0.0,0.0,0.0,10.0,0.0,10.0,15.0,6.0
434,15.0,1.0,0.0,0.0,0.0,0.0,1.0,1.0,0.0,0.0,0.0,0.0,1.0,15.0,15.0,15.0,1.0,0.0,0.0,0.0,20.0,1.0,10.0,11.0,6.0
435,15.0,1.0,1.0,0.0,0.0,0.0,1.0,1.0,0.0,1.0,0.0,0.0,0.0,10.0,15.0,5.0,1.0,1.0,0.0,1.0,20.0,1.0,10.0,15.0,5.0
436,20.0,1.0,1.0,1.0,1.0,1.0,1.0,0.0,0.0,1.0,0.0,0.0,0.0,10.0,15.0,5.0,1.0,0.0,0.0,0.0,10.0,1.0,10.0,15.0,5.0
437,15.0,1.0,1.0,1.0,1.0,1.0,1.0,1.0,1.0,1.0,1.0,1.0,1.0,15.0,10.0,15.0,1.0,1.0,0.0,0.0,10.0,1.0,10.0,5.0,6.0
438,5.0,1.0,0.0,0.0,0.0,0.0,1.0,1.0,0.0,0.0,0.0,0.0,1.0,5.0,15.0,0.0,1.0,0.0,0.0,1.0,5.0,0.0,10.0,5.0,5.0
439,15.0,1.0,0.0,0.0,0.0,0.0,1.0,1.0,0.0,0.0,0.0,0.0,0.0,5.0,15.0,0.0,0.0,1.0,0.0,0.0,20.0,1.0,10.0,15.0,5.0
440,10.0,1.0,0.0,0.0,1.0,0.0,1.0,1.0,0.0,0.0,0.0,1.0,0.0,10.0,10.0,5.0,1.0,0.0,0.0,0.0,10.0,1.0,10.0,15.0,5.0
441,20.0,1.0,1.0,1.0,1.0,0.0,1.0,1.0,1.0,1.0,0.0,0.0,1.0,15.0,15.0,15.0,1.0,0.0,0.0,0.0,10.0,1.0,10.0,11.0,5.0
442,12.0,1.0,0.0,0.0,0.0,0.0,1.0,1.0,0.0,0.0,0.0,0.0,0.0,10.0,10.0,5.0,0.0,1.0,0.0,0.0,5.0,0.0,10.0,10.0,5.0
443,15.0,1.0,1.0,0.0,0.0,0.0,1.0,1.0,0.0,1.0,0.0,0.0,0.0,15.0,15.0,5.0,0.0,1.0,0.0,0.0,20.0,1.0,10.0,15.0,5.0
444,15.0,1.0,1.0,1.0,0.0,0.0,1.0,1.0,0.0,0.0,0.0,0.0,0.0,10.0,15.0,0.0,1.0,0.0,0.0,0.0,10.0,1.0,10.0,10.0,5.0
445,20.0,1.0,1.0,1.0,1.0,1.0,1.0,1.0,1.0,1.0,0.0,1.0,1.0,10.0,15.0,5.0,1.0,0.0,0.0,0.0,15.0,1.0,10.0,15.0,5.0
446,15.0,1.0,0.0,0.0,0.0,0.0,1.0,1.0,0.0,0.0,0.0,0.0,0.0,10.0,15.0,15.0,1.0,0.0,0.0,0.0,5.0,0.0,10.0,15.0,6.0
447,5.0,1.0,0.0,0.0,1.0,0.0,0.0,1.0,0.0,0.0,0.0,1.0,0.0,5.0,0.0,5.0,1.0,1.0,0.0,0.0,10.0,0.0,10.0,5.0,5.0
448,15.0,1.0,1.0,1.0,1.0,0.0,1.0,1.0,0.0,1.0,0.0,0.0,1.0,10.0,10.0,5.0,1.0,0.0,0.0,0.0,10.0,1.0,10.0,11.0,5.0
449,15.0,1.0,0.0,0.0,1.0,0.0,1.0,1.0,0.0,0.0,0.0,1.0,0.0,5.0,10.0,5.0,1.0,1.0,0.0,0.0,5.0,0.0,10.0,5.0,5.0
450,15.0,1.0,0.0,0.0,0.0,0.0,1.0,1.0,0.0,0.0,0.0,0.0,0.0,10.0,15.0,15.0,0.0,0.0,1.0,0.0,20.0,0.0,10.0,15.0,5.0
451,15.0,1.0,1.0,1.0,0.0,0.0,1.0,1.0,0.0,0.0,0.0,0.0,0.0,10.0,10.0,0.0,1.0,0.0,0.0,0.0,10.0,0.0,10.0,15.0,5.0
452,10.0,1.0,0.0,0.0,0.0,0.0,1.0,1.0,0.0,0.0,0.0,0.0,0.0,10.0,12.0,5.0,1.0,0.0,0.0,1.0,5.0,1.0,10.0,15.0,5.0
453,5.0,1.0,0.0,0.0,0.0,0.0,1.0,1.0,0.0,0.0,0.0,0.0,0.0,10.0,5.0,5.0,1.0,0.0,0.0,0.0,5.0,0.0,10.0,5.0,5.0
454,15.0,1.0,1.0,1.0,0.0,0.0,1.0,1.0,0.0,1.0,0.0,0.0,0.0,10.0,10.0,5.0,1.0,0.0,0.0,0.0,5.0,1.0,10.0,5.0,10.0
455,15.0,1.0,1.0,1.0,0.0,0.0,1.0,1.0,0.0,0.0,0.0,0.0,0.0,10.0,10.0,5.0,1.0,0.0,0.0,0.0,10.0,0.0,10.0,15.0,5.0
456,15.0,1.0,1.0,0.0,0.0,0.0,1.0,1.0,0.0,1.0,0.0,0.0,0.0,10.0,10.0,15.0,1.0,0.0,0.0,0.0,5.0,0.0,10.0,15.0,5.0
457,10.0,1.0,0.0,0.0,0.0,0.0,1.0,1.0,0.0,0.0,0.0,0.0,0.0,10.0,10.0,5.0,0.0,0.0,0.0,1.0,5.0,0.0,10.0,5.0,5.0
458,15.0,1.0,1.0,0.0,0.0,0.0,1.0,1.0,0.0,0.0,0.0,0.0,0.0,10.0,10.0,0.0,1.0,0.0,0.0,0.0,5.0,0.0,10.0,5.0,5.0
459,10.0,1.0,1.0,0.0,0.0,0.0,1.0,1.0,0.0,1.0,0.0,0.0,1.0,10.0,15.0,15.0,1.0,0.0,0.0,0.0,15.0,1.0,10.0,5.0,5.0
460,5.0,1.0,0.0,0.0,0.0,0.0,1.0,1.0,0.0,0.0,0.0,0.0,1.0,5.0,10.0,5.0,0.0,1.0,0.0,0.0,10.0,1.0,10.0,10.0,5.0
461,5.0,1.0,0.0,0.0,0.0,0.0,1.0,1.0,0.0,0.0,0.0,0.0,0.0,10.0,15.0,15.0,0.0,1.0,0.0,0.0,5.0,1.0,10.0,11.0,5.0
462,10.0,1.0,0.0,0.0,0.0,0.0,1.0,1.0,0.0,0.0,0.0,0.0,0.0,10.0,10.0,5.0,0.0,0.0,1.0,0.0,10.0,0.0,15.0,5.0,5.0
463,10.0,1.0,1.0,1.0,0.0,0.0,1.0,1.0,0.0,1.0,0.0,0.0,0.0,10.0,15.0,0.0,1.0,0.0,0.0,0.0,5.0,1.0,5.0,5.0,5.0
464,15.0,1.0,1.0,1.0,0.0,1.0,1.0,1.0,0.0,0.0,0.0,0.0,1.0,5.0,15.0,0.0,1.0,0.0,0.0,0.0,5.0,0.0,10.0,10.0,5.0
465,10.0,1.0,0.0,0.0,0.0,0.0,1.0,1.0,0.0,0.0,0.0,0.0,0.0,10.0,10.0,5.0,1.0,0.0,0.0,0.0,5.0,1.0,15.0,15.0,5.0
466,10.0,1.0,0.0,0.0,0.0,0.0,1.0,1.0,0.0,0.0,0.0,0.0,1.0,5.0,10.0,0.0,0.0,0.0,1.0,0.0,5.0,0.0,10.0,10.0,5.0
467,10.0,1.0,1.0,1.0,0.0,0.0,1.0,1.0,0.0,0.0,0.0,0.0,0.0,10.0,5.0,5.0,0.0,1.0,0.0,0.0,10.0,1.0,10.0,5.0,5.0
468,15.0,1.0,1.0,0.0,0.0,0.0,1.0,1.0,0.0,1.0,0.0,0.0,0.0,15.0,10.0,5.0,1.0,0.0,0.0,0.0,10.0,1.0,10.0,15.0,5.0
469,15.0,1.0,0.0,0.0,0.0,0.0,1.0,1.0,0.0,0.0,0.0,0.0,0.0,10.0,15.0,0.0,0.0,1.0,0.0,0.0,20.0,0.0,5.0,5.0,5.0
470,10.0,1.0,0.0,0.0,0.0,0.0,1.0,1.0,0.0,0.0,0.0,0.0,1.0,5.0,15.0,0.0,0.0,1.0,0.0,0.0,20.0,0.0,5.0,11.0,5.0
471,5.0,1.0,1.0,0.0,0.0,0.0,1.0,1.0,0.0,1.0,0.0,0.0,1.0,10.0,10.0,5.0,0.0,1.0,1.0,0.0,10.0,1.0,10.0,5.0,5.0
472,10.0,1.0,0.0,1.0,0.0,0.0,1.0,1.0,1.0,0.0,0.0,0.0,0.0,10.0,15.0,5.0,0.0,0.0,1.0,0.0,10.0,0.0,10.0,5.0,5.0
473,5.0,1.0,1.0,0.0,1.0,0.0,1.0,1.0,1.0,0.0,0.0,1.0,0.0,10.0,10.0,5.0,1.0,0.0,0.0,0.0,10.0,0.0,10.0,15.0,5.0
474,15.0,1.0,1.0,0.0,0.0,0.0,0.0,1.0,0.0,0.0,0.0,0.0,0.0,15.0,15.0,0.0,1.0,1.0,0.0,0.0,20.0,0.0,10.0,11.0,6.0
475,15.0,1.0,0.0,0.0,0.0,0.0,1.0,1.0,0.0,0.0,0.0,0.0,0.0,10.0,10.0,15.0,1.0,0.0,0.0,0.0,10.0,1.0,10.0,5.0,5.0
476,15.0,1.0,1.0,1.0,0.0,0.0,1.0,1.0,0.0,1.0,0.0,0.0,0.0,10.0,0.0,0.0,0.0,1.0,0.0,0.0,5.0,0.0,10.0,5.0,5.0
477,15.0,1.0,1.0,1.0,0.0,0.0,1.0,1.0,0.0,0.0,0.0,0.0,0.0,10.0,10.0,5.0,1.0,0.0,0.0,0.0,5.0,0.0,10.0,5.0,5.0
478,15.0,1.0,0.0,0.0,0.0,0.0,1.0,1.0,0.0,0.0,0.0,0.0,0.0,10.0,10.0,0.0,1.0,0.0,0.0,0.0,5.0,0.0,10.0,5.0,5.0
479,15.0,1.0,0.0,0.0,1.0,0.0,1.0,1.0,0.0,0.0,0.0,1.0,0.0,5.0,10.0,5.0,1.0,1.0,0.0,0.0,5.0,1.0,10.0,15.0,5.0
480,5.0,1.0,0.0,0.0,0.0,0.0,1.0,1.0,0.0,0.0,0.0,0.0,0.0,10.0,5.0,5.0,0.0,0.0,0.0,1.0,5.0,0.0,10.0,5.0,10.0
481,15.0,1.0,0.0,0.0,0.0,0.0,1.0,1.0,0.0,0.0,1.0,0.0,0.0,15.0,15.0,15.0,1.0,0.0,0.0,0.0,20.0,1.0,10.0,15.0,5.0
482,10.0,1.0,0.0,0.0,0.0,0.0,1.0,1.0,0.0,0.0,0.0,0.0,0.0,10.0,15.0,0.0,0.0,1.0,0.0,0.0,20.0,1.0,10.0,5.0,5.0
483,5.0,1.0,0.0,0.0,0.0,0.0,1.0,1.0,0.0,0.0,0.0,0.0,0.0,10.0,15.0,0.0,0.0,0.0,1.0,0.0,20.0,1.0,10.0,10.0,5.0
484,5.0,1.0,0.0,0.0,0.0,0.0,0.0,1.0,0.0,1.0,0.0,0.0,1.0,10.0,15.0,15.0,0.0,0.0,1.0,1.0,20.0,1.0,10.0,11.0,6.0
485,15.0,1.0,0.0,0.0,0.0,0.0,1.0,1.0,0.0,0.0,0.0,0.0,0.0,15.0,15.0,15.0,1.0,0.0,0.0,0.0,10.0,1.0,10.0,15.0,5.0
486,15.0,1.0,1.0,1.0,0.0,1.0,1.0,1.0,0.0,1.0,0.0,0.0,0.0,10.0,15.0,0.0,1.0,0.0,0.0,0.0,5.0,1.0,10.0,10.0,5.0
487,10.0,1.0,0.0,0.0,0.0,0.0,0.0,1.0,0.0,0.0,0.0,0.0,0.0,5.0,0.0,0.0,0.0,0.0,0.0,0.0,5.0,0.0,10.0,11.0,5.0
488,5.0,0.0,0.0,0.0,0.0,0.0,0.0,0.0,0.0,0.0,0.0,0.0,0.0,5.0,0.0,5.0,1.0,0.0,0.0,0.0,10.0,0.0,10.0,11.0,15.0
489,15.0,0.0,0.0,0.0,0.0,0.0,0.0,0.0,0.0,0.0,0.0,0.0,0.0,5.0,0.0,0.0,1.0,0.0,0.0,0.0,10.0,1.0,10.0,15.0,15.0
490,15.0,1.0,0.0,0.0,0.0,0.0,1.0,1.0,0.0,0.0,0.0,0.0,0.0,10.0,12.0,5.0,1.0,0.0,0.0,1.0,5.0,0.0,10.0,5.0,5.0
491,15.0,1.0,0.0,0.0,0.0,0.0,1.0,1.0,0.0,0.0,0.0,0.0,0.0,15.0,15.0,5.0,1.0,0.0,0.0,0.0,10.0,1.0,10.0,11.0,15.0
492,15.0,1.0,1.0,0.0,0.0,0.0,1.0,1.0,0.0,1.0,0.0,1.0,1.0,15.0,15.0,5.0,1.0,1.0,0.0,1.0,10.0,1.0,10.0,15.0,5.0
493,15.0,1.0,1.0,1.0,0.0,0.0,1.0,1.0,0.0,1.0,0.0,0.0,0.0,10.0,15.0,5.0,1.0,0.0,1.0,0.0,15.0,1.0,10.0,15.0,5.0
494,5.0,1.0,0.0,0.0,0.0,0.0,0.0,0.0,0.0,0.0,0.0,1.0,0.0,10.0,0.0,0.0,0.0,0.0,0.0,1.0,5.0,0.0,10.0,10.0,6.0
495,5.0,1.0,0.0,0.0,0.0,0.0,1.0,1.0,0.0,0.0,0.0,0.0,0.0,10.0,15.0,0.0,0.0,0.0,0.0,1.0,5.0,0.0,10.0,10.0,6.0
496,5.0,1.0,0.0,0.0,0.0,0.0,1.0,1.0,0.0,0.0,0.0,0.0,0.0,10.0,15.0,0.0,0.0,0.0,0.0,1.0,5.0,0.0,10.0,10.0,5.0
497,15.0,1.0,1.0,1.0,0.0,0.0,1.0,1.0,0.0,0.0,0.0,0.0,0.0,15.0,15.0,0.0,0.0,0.0,0.0,1.0,5.0,0.0,10.0,10.0,6.0
498,5.0,1.0,0.0,1.0,0.0,0.0,1.0,1.0,0.0,0.0,0.0,1.0,0.0,10.0,12.0,0.0,1.0,0.0,0.0,0.0,5.0,1.0,10.0,11.0,6.0
499,15.0,1.0,0.0,1.0,0.0,0.0,0.0,1.0,0.0,0.0,0.0,0.0,0.0,5.0,12.0,0.0,1.0,0.0,0.0,0.0,5.0,0.0,10.0,15.0,5.0
500,15.0,0.0,0.0,1.0,0.0,0.0,0.0,1.0,0.0,0.0,0.0,0.0,0.0,5.0,0.0,0.0,1.0,1.0,1.0,0.0,20.0,0.0,10.0,15.0,5.0
501,15.0,1.0,1.0,1.0,1.0,1.0,1.0,1.0,0.0,0.0,0.0,0.0,0.0,15.0,15.0,15.0,1.0,0.0,0.0,0.0,5.0,0.0,10.0,15.0,5.0
502,5.0,1.0,0.0,0.0,0.0,0.0,1.0,1.0,0.0,0.0,0.0,0.0,0.0,5.0,15.0,0.0,0.0,0.0,0.0,1.0,20.0,1.0,10.0,5.0,6.0
503,10.0,1.0,1.0,0.0,0.0,0.0,1.0,1.0,0.0,1.0,0.0,0.0,1.0,15.0,15.0,15.0,1.0,0.0,0.0,0.0,10.0,1.0,10.0,15.0,6.0
504,20.0,1.0,1.0,1.0,1.0,1.0,1.0,1.0,1.0,1.0,0.0,0.0,0.0,15.0,15.0,5.0,1.0,0.0,0.0,0.0,15.0,0.0,10.0,15.0,5.0
505,5.0,1.0,0.0,0.0,0.0,0.0,0.0,1.0,0.0,0.0,0.0,0.0,0.0,5.0,0.0,0.0,1.0,0.0,0.0,0.0,10.0,0.0,15.0,15.0,10.0
506,15.0,1.0,0.0,0.0,0.0,0.0,1.0,1.0,0.0,0.0,0.0,0.0,0.0,10.0,15.0,0.0,0.0,1.0,0.0,0.0,5.0,1.0,10.0,15.0,6.0
507,20.0,1.0,1.0,1.0,1.0,1.0,1.0,1.0,1.0,1.0,1.0,1.0,1.0,15.0,15.0,0.0,1.0,0.0,0.0,0.0,10.0,0.0,10.0,15.0,5.0
508,15.0,1.0,1.0,1.0,0.0,1.0,1.0,1.0,0.0,0.0,0.0,0.0,0.0,10.0,10.0,5.0,1.0,0.0,0.0,0.0,5.0,0.0,5.0,5.0,5.0
509,5.0,1.0,0.0,0.0,0.0,0.0,1.0,1.0,0.0,0.0,0.0,0.0,0.0,15.0,15.0,5.0,1.0,0.0,0.0,0.0,10.0,1.0,10.0,15.0,5.0
510,15.0,1.0,0.0,1.0,0.0,0.0,1.0,1.0,0.0,0.0,0.0,0.0,0.0,10.0,12.0,5.0,1.0,0.0,0.0,0.0,15.0,1.0,10.0,15.0,6.0
511,15.0,1.0,0.0,0.0,0.0,0.0,1.0,1.0,0.0,0.0,0.0,0.0,0.0,5.0,12.0,5.0,1.0,0.0,1.0,1.0,10.0,0.0,10.0,11.0,6.0
512,10.0,1.0,1.0,1.0,0.0,1.0,1.0,1.0,0.0,0.0,0.0,0.0,0.0,10.0,15.0,5.0,1.0,0.0,0.0,0.0,5.0,1.0,10.0,11.0,5.0
513,20.0,1.0,1.0,0.0,0.0,0.0,1.0,1.0,0.0,1.0,0.0,0.0,0.0,10.0,10.0,5.0,1.0,0.0,0.0,0.0,5.0,0.0,10.0,10.0,5.0
514,15.0,1.0,0.0,0.0,0.0,0.0,1.0,1.0,0.0,0.0,0.0,0.0,0.0,15.0,15.0,15.0,1.0,0.0,0.0,1.0,20.0,1.0,10.0,11.0,6.0
515,15.0,1.0,0.0,0.0,0.0,0.0,1.0,1.0,0.0,0.0,0.0,0.0,1.0,15.0,15.0,5.0,1.0,0.0,0.0,0.0,20.0,1.0,10.0,15.0,5.0
516,15.0,1.0,0.0,0.0,0.0,0.0,1.0,1.0,0.0,0.0,0.0,0.0,0.0,5.0,15.0,0.0,1.0,0.0,0.0,0.0,20.0,1.0,10.0,5.0,6.0
517,15.0,1.0,0.0,0.0,0.0,0.0,1.0,1.0,0.0,0.0,0.0,0.0,0.0,10.0,15.0,5.0,1.0,0.0,0.0,0.0,10.0,1.0,10.0,5.0,6.0
518,10.0,1.0,1.0,0.0,0.0,0.0,1.0,1.0,0.0,0.0,0.0,0.0,1.0,15.0,15.0,5.0,0.0,1.0,0.0,0.0,15.0,0.0,10.0,15.0,5.0
519,15.0,1.0,0.0,1.0,0.0,0.0,1.0,1.0,0.0,0.0,0.0,0.0,1.0,10.0,10.0,5.0,1.0,0.0,0.0,1.0,10.0,0.0,10.0,15.0,5.0
520,20.0,1.0,0.0,0.0,0.0,0.0,1.0,1.0,0.0,0.0,0.0,0.0,0.0,10.0,15.0,15.0,0.0,0.0,0.0,1.0,5.0,1.0,10.0,15.0,5.0
521,10.0,1.0,0.0,0.0,0.0,0.0,1.0,1.0,0.0,0.0,0.0,0.0,0.0,15.0,15.0,5.0,1.0,0.0,0.0,0.0,10.0,1.0,5.0,15.0,6.0
522,15.0,1.0,1.0,0.0,1.0,0.0,1.0,0.0,0.0,1.0,1.0,1.0,1.0,10.0,15.0,15.0,1.0,0.0,0.0,0.0,10.0,1.0,10.0,10.0,5.0
523,20.0,1.0,0.0,0.0,0.0,0.0,1.0,1.0,0.0,0.0,0.0,0.0,0.0,10.0,15.0,15.0,1.0,0.0,0.0,0.0,10.0,1.0,10.0,15.0,5.0
524,10.0,1.0,1.0,1.0,0.0,0.0,0.0,1.0,0.0,0.0,0.0,0.0,0.0,5.0,0.0,0.0,1.0,0.0,0.0,0.0,5.0,0.0,10.0,15.0,6.0
525,20.0,1.0,1.0,1.0,1.0,0.0,1.0,1.0,0.0,1.0,0.0,0.0,0.0,10.0,15.0,5.0,0.0,1.0,1.0,0.0,20.0,0.0,10.0,15.0,6.0
526,15.0,1.0,1.0,1.0,1.0,0.0,1.0,1.0,0.0,0.0,0.0,0.0,1.0,10.0,15.0,15.0,1.0,0.0,0.0,1.0,10.0,1.0,10.0,15.0,6.0
527,15.0,1.0,0.0,0.0,1.0,0.0,1.0,1.0,0.0,0.0,0.0,1.0,0.0,5.0,10.0,5.0,1.0,1.0,0.0,0.0,5.0,1.0,10.0,5.0,5.0
528,15.0,1.0,0.0,0.0,1.0,0.0,1.0,1.0,0.0,0.0,0.0,1.0,0.0,5.0,10.0,5.0,1.0,1.0,0.0,0.0,5.0,1.0,10.0,5.0,15.0
529,5.0,1.0,1.0,1.0,1.0,0.0,1.0,1.0,1.0,1.0,0.0,1.0,1.0,5.0,15.0,15.0,1.0,0.0,0.0,1.0,5.0,1.0,10.0,15.0,6.0
530,15.0,1.0,0.0,0.0,0.0,0.0,1.0,1.0,0.0,0.0,0.0,0.0,0.0,10.0,10.0,5.0,1.0,0.0,0.0,0.0,5.0,1.0,10.0,15.0,5.0
531,15.0,1.0,1.0,0.0,1.0,0.0,0.0,1.0,0.0,0.0,0.0,1.0,0.0,5.0,10.0,5.0,1.0,0.0,0.0,0.0,5.0,0.0,10.0,5.0,5.0
532,20.0,1.0,1.0,1.0,1.0,1.0,1.0,1.0,0.0,0.0,0.0,0.0,0.0,5.0,15.0,5.0,1.0,0.0,0.0,0.0,5.0,0.0,10.0,5.0,5.0
533,15.0,1.0,1.0,0.0,1.0,0.0,1.0,0.0,0.0,0.0,0.0,1.0,0.0,15.0,15.0,5.0,1.0,0.0,0.0,0.0,5.0,0.0,10.0,5.0,5.0
534,15.0,1.0,1.0,0.0,1.0,0.0,1.0,1.0,0.0,1.0,0.0,1.0,0.0,10.0,12.0,5.0,0.0,0.0,0.0,1.0,5.0,1.0,10.0,11.0,6.0
535,15.0,1.0,1.0,1.0,0.0,0.0,1.0,1.0,0.0,0.0,0.0,0.0,0.0,10.0,15.0,5.0,1.0,0.0,0.0,0.0,10.0,0.0,10.0,15.0,5.0
536,5.0,1.0,0.0,0.0,0.0,0.0,1.0,1.0,0.0,0.0,0.0,0.0,0.0,10.0,10.0,5.0,1.0,0.0,0.0,0.0,5.0,1.0,10.0,15.0,6.0
537,5.0,1.0,0.0,0.0,0.0,0.0,1.0,1.0,0.0,0.0,0.0,0.0,0.0,10.0,15.0,0.0,0.0,1.0,0.0,0.0,20.0,1.0,10.0,15.0,5.0
538,15.0,1.0,0.0,0.0,1.0,0.0,1.0,1.0,0.0,0.0,0.0,1.0,1.0,10.0,15.0,0.0,1.0,0.0,0.0,0.0,10.0,1.0,10.0,15.0,10.0
539,5.0,1.0,1.0,0.0,0.0,0.0,1.0,1.0,0.0,1.0,0.0,0.0,0.0,10.0,10.0,5.0,1.0,0.0,0.0,0.0,10.0,0.0,10.0,15.0,6.0
540,15.0,1.0,0.0,0.0,0.0,0.0,1.0,1.0,0.0,0.0,0.0,0.0,0.0,15.0,10.0,5.0,1.0,0.0,0.0,0.0,15.0,1.0,10.0,15.0,15.0
541,15.0,1.0,1.0,1.0,0.0,0.0,1.0,1.0,0.0,0.0,0.0,0.0,0.0,10.0,15.0,5.0,1.0,0.0,0.0,1.0,20.0,1.0,10.0,5.0,6.0
542,5.0,1.0,0.0,0.0,0.0,1.0,1.0,1.0,0.0,0.0,0.0,0.0,0.0,10.0,15.0,15.0,1.0,0.0,0.0,0.0,5.0,1.0,10.0,15.0,5.0
543,10.0,1.0,1.0,1.0,1.0,0.0,1.0,1.0,0.0,1.0,0.0,0.0,0.0,10.0,15.0,15.0,1.0,0.0,1.0,0.0,15.0,1.0,10.0,15.0,5.0
544,15.0,1.0,0.0,1.0,0.0,0.0,1.0,1.0,0.0,0.0,0.0,0.0,0.0,5.0,15.0,0.0,1.0,0.0,0.0,0.0,15.0,1.0,10.0,10.0,5.0
545,10.0,1.0,1.0,1.0,0.0,0.0,1.0,1.0,0.0,1.0,0.0,0.0,0.0,15.0,15.0,15.0,1.0,0.0,0.0,0.0,5.0,1.0,10.0,15.0,5.0
546,5.0,1.0,0.0,0.0,0.0,0.0,1.0,1.0,0.0,0.0,0.0,0.0,0.0,5.0,15.0,5.0,1.0,0.0,0.0,0.0,20.0,0.0,10.0,5.0,5.0
547,5.0,1.0,0.0,0.0,0.0,0.0,1.0,1.0,0.0,0.0,0.0,0.0,0.0,10.0,15.0,5.0,1.0,0.0,0.0,0.0,10.0,1.0,10.0,15.0,5.0
548,10.0,1.0,0.0,0.0,0.0,0.0,1.0,1.0,0.0,0.0,0.0,0.0,0.0,15.0,15.0,5.0,1.0,0.0,0.0,0.0,5.0,1.0,10.0,5.0,5.0
549,15.0,1.0,0.0,0.0,0.0,0.0,1.0,1.0,0.0,0.0,0.0,0.0,0.0,10.0,15.0,15.0,0.0,1.0,0.0,0.0,10.0,0.0,10.0,15.0,5.0
550,15.0,1.0,0.0,0.0,0.0,0.0,1.0,1.0,0.0,0.0,0.0,0.0,0.0,10.0,10.0,5.0,1.0,0.0,0.0,0.0,15.0,1.0,15.0,15.0,15.0
551,5.0,1.0,1.0,0.0,0.0,0.0,1.0,1.0,0.0,1.0,0.0,1.0,1.0,15.0,10.0,0.0,1.0,0.0,0.0,0.0,10.0,1.0,10.0,5.0,5.0
552,15.0,0.0,1.0,1.0,0.0,0.0,1.0,0.0,0.0,1.0,0.0,0.0,0.0,15.0,15.0,15.0,0.0,0.0,1.0,0.0,20.0,1.0,10.0,10.0,5.0
553,15.0,1.0,1.0,1.0,1.0,0.0,1.0,1.0,1.0,1.0,1.0,0.0,1.0,15.0,15.0,5.0,1.0,0.0,0.0,0.0,5.0,1.0,10.0,10.0,5.0
554,5.0,1.0,0.0,0.0,0.0,0.0,1.0,1.0,0.0,0.0,0.0,1.0,0.0,10.0,10.0,5.0,1.0,0.0,0.0,1.0,5.0,1.0,10.0,11.0,10.0
555,5.0,1.0,0.0,0.0,0.0,0.0,1.0,1.0,0.0,0.0,0.0,0.0,0.0,10.0,15.0,5.0,1.0,0.0,0.0,0.0,5.0,1.0,10.0,11.0,6.0
556,15.0,1.0,1.0,1.0,0.0,0.0,1.0,1.0,0.0,0.0,0.0,0.0,0.0,10.0,10.0,15.0,0.0,1.0,0.0,0.0,5.0,1.0,5.0,15.0,5.0
557,5.0,1.0,0.0,0.0,0.0,0.0,1.0,1.0,0.0,0.0,0.0,0.0,1.0,10.0,5.0,5.0,0.0,0.0,1.0,0.0,15.0,0.0,10.0,10.0,5.0
558,5.0,1.0,0.0,0.0,0.0,0.0,1.0,1.0,0.0,0.0,0.0,0.0,0.0,10.0,5.0,5.0,1.0,0.0,0.0,0.0,5.0,0.0,10.0,5.0,6.0
559,15.0,1.0,0.0,0.0,0.0,0.0,1.0,1.0,0.0,0.0,0.0,0.0,0.0,10.0,15.0,5.0,1.0,0.0,0.0,0.0,10.0,0.0,10.0,15.0,5.0
560,10.0,1.0,1.0,0.0,1.0,0.0,1.0,1.0,0.0,1.0,0.0,1.0,0.0,10.0,10.0,5.0,0.0,0.0,0.0,1.0,10.0,0.0,10.0,11.0,5.0
561,15.0,1.0,0.0,0.0,0.0,0.0,1.0,1.0,0.0,0.0,0.0,0.0,0.0,10.0,10.0,5.0,0.0,0.0,0.0,1.0,5.0,1.0,10.0,5.0,10.0
562,5.0,1.0,0.0,0.0,0.0,0.0,1.0,1.0,0.0,0.0,0.0,0.0,0.0,10.0,10.0,5.0,1.0,1.0,1.0,0.0,5.0,0.0,10.0,11.0,6.0
563,10.0,1.0,0.0,0.0,0.0,0.0,0.0,0.0,0.0,0.0,0.0,0.0,0.0,5.0,0.0,0.0,1.0,0.0,0.0,0.0,10.0,0.0,10.0,15.0,5.0
564,15.0,1.0,0.0,0.0,0.0,0.0,1.0,1.0,0.0,0.0,0.0,0.0,0.0,10.0,10.0,5.0,1.0,0.0,0.0,0.0,15.0,1.0,10.0,15.0,5.0
565,15.0,1.0,0.0,0.0,0.0,0.0,0.0,1.0,0.0,0.0,0.0,0.0,0.0,5.0,0.0,0.0,1.0,0.0,0.0,0.0,5.0,0.0,5.0,15.0,5.0
566,15.0,1.0,1.0,1.0,0.0,0.0,0.0,1.0,0.0,0.0,0.0,0.0,0.0,10.0,0.0,0.0,0.0,0.0,0.0,1.0,5.0,0.0,10.0,5.0,5.0
567,15.0,1.0,0.0,0.0,0.0,0.0,0.0,1.0,0.0,0.0,0.0,0.0,0.0,5.0,0.0,0.0,0.0,1.0,0.0,0.0,5.0,0.0,10.0,10.0,5.0
568,15.0,1.0,1.0,1.0,0.0,0.0,0.0,1.0,0.0,0.0,0.0,0.0,0.0,5.0,0.0,0.0,1.0,0.0,0.0,0.0,10.0,0.0,10.0,10.0,5.0
569,15.0,1.0,1.0,1.0,0.0,0.0,1.0,1.0,0.0,1.0,0.0,0.0,0.0,10.0,5.0,5.0,1.0,1.0,0.0,0.0,15.0,0.0,10.0,5.0,5.0
570,5.0,1.0,1.0,1.0,0.0,0.0,1.0,1.0,0.0,0.0,0.0,0.0,0.0,10.0,10.0,5.0,1.0,0.0,0.0,0.0,5.0,0.0,5.0,5.0,5.0
571,20.0,1.0,1.0,1.0,1.0,1.0,1.0,1.0,0.0,0.0,0.0,0.0,0.0,10.0,10.0,5.0,1.0,0.0,0.0,0.0,5.0,0.0,5.0,5.0,5.0
572,5.0,1.0,0.0,1.0,1.0,0.0,1.0,1.0,0.0,0.0,0.0,0.0,0.0,10.0,10.0,5.0,1.0,0.0,0.0,0.0,5.0,0.0,5.0,5.0,5.0
573,5.0,1.0,0.0,0.0,0.0,0.0,0.0,0.0,0.0,0.0,0.0,0.0,0.0,5.0,0.0,0.0,1.0,0.0,0.0,0.0,10.0,0.0,5.0,11.0,5.0
574,5.0,0.0,0.0,0.0,0.0,0.0,0.0,0.0,0.0,0.0,0.0,0.0,0.0,10.0,0.0,0.0,1.0,0.0,0.0,0.0,5.0,0.0,5.0,5.0,5.0
575,5.0,1.0,0.0,0.0,0.0,0.0,0.0,1.0,0.0,0.0,0.0,0.0,0.0,10.0,0.0,0.0,1.0,0.0,0.0,0.0,5.0,0.0,5.0,5.0,6.0
576,5.0,0.0,0.0,0.0,0.0,0.0,0.0,1.0,0.0,0.0,0.0,0.0,0.0,5.0,0.0,0.0,0.0,0.0,0.0,0.0,5.0,0.0,5.0,11.0,6.0
577,15.0,1.0,0.0,0.0,0.0,0.0,1.0,1.0,0.0,0.0,0.0,0.0,0.0,10.0,5.0,5.0,1.0,0.0,0.0,0.0,5.0,1.0,10.0,15.0,5.0
578,15.0,1.0,1.0,0.0,1.0,0.0,1.0,1.0,0.0,0.0,0.0,0.0,0.0,5.0,10.0,5.0,1.0,0.0,0.0,0.0,5.0,1.0,10.0,5.0,5.0
579,10.0,1.0,0.0,0.0,0.0,0.0,1.0,1.0,0.0,0.0,0.0,0.0,0.0,10.0,5.0,5.0,1.0,0.0,0.0,0.0,5.0,0.0,10.0,15.0,5.0
580,15.0,1.0,1.0,1.0,1.0,0.0,1.0,1.0,0.0,1.0,0.0,0.0,0.0,10.0,15.0,5.0,0.0,1.0,0.0,0.0,15.0,1.0,15.0,15.0,5.0
581,20.0,1.0,1.0,0.0,0.0,0.0,1.0,1.0,0.0,1.0,0.0,0.0,0.0,15.0,15.0,15.0,1.0,0.0,0.0,0.0,10.0,1.0,10.0,5.0,15.0
582,20.0,0.0,0.0,0.0,0.0,0.0,1.0,1.0,0.0,1.0,0.0,0.0,0.0,10.0,10.0,5.0,1.0,0.0,0.0,0.0,10.0,1.0,10.0,5.0,5.0
583,5.0,1.0,0.0,0.0,0.0,0.0,1.0,1.0,0.0,0.0,0.0,0.0,0.0,10.0,10.0,5.0,1.0,0.0,0.0,0.0,5.0,0.0,10.0,5.0,6.0
584,5.0,0.0,0.0,0.0,0.0,0.0,0.0,0.0,0.0,0.0,0.0,0.0,0.0,10.0,0.0,0.0,1.0,0.0,0.0,0.0,5.0,0.0,5.0,5.0,6.0
585,15.0,1.0,0.0,0.0,0.0,0.0,1.0,1.0,0.0,0.0,0.0,0.0,1.0,5.0,10.0,5.0,1.0,0.0,0.0,0.0,5.0,1.0,5.0,15.0,10.0
586,15.0,1.0,0.0,0.0,0.0,0.0,0.0,1.0,0.0,0.0,0.0,0.0,0.0,5.0,0.0,0.0,1.0,0.0,0.0,0.0,5.0,0.0,5.0,11.0,6.0
587,5.0,1.0,1.0,0.0,0.0,0.0,1.0,1.0,0.0,1.0,0.0,0.0,0.0,10.0,15.0,5.0,1.0,0.0,0.0,1.0,5.0,1.0,10.0,15.0,6.0
588,5.0,1.0,1.0,0.0,0.0,0.0,1.0,1.0,0.0,0.0,0.0,0.0,1.0,15.0,10.0,5.0,1.0,0.0,0.0,1.0,5.0,0.0,10.0,5.0,5.0
589,5.0,1.0,0.0,0.0,0.0,0.0,0.0,1.0,0.0,0.0,0.0,0.0,0.0,10.0,0.0,0.0,1.0,0.0,0.0,0.0,5.0,0.0,10.0,5.0,5.0
590,15.0,1.0,1.0,1.0,0.0,0.0,1.0,1.0,1.0,1.0,0.0,0.0,0.0,15.0,15.0,5.0,1.0,0.0,0.0,0.0,5.0,1.0,10.0,10.0,5.0
591,20.0,1.0,0.0,0.0,0.0,0.0,1.0,1.0,0.0,0.0,0.0,0.0,0.0,10.0,10.0,0.0,1.0,0.0,0.0,0.0,5.0,0.0,10.0,5.0,5.0
592,5.0,0.0,0.0,0.0,0.0,0.0,1.0,1.0,0.0,0.0,0.0,0.0,0.0,10.0,10.0,5.0,1.0,0.0,0.0,0.0,5.0,0.0,5.0,5.0,5.0
593,5.0,1.0,0.0,0.0,0.0,0.0,1.0,1.0,0.0,0.0,0.0,0.0,0.0,5.0,15.0,5.0,1.0,0.0,0.0,0.0,5.0,0.0,10.0,5.0,5.0
594,15.0,0.0,0.0,0.0,0.0,0.0,0.0,0.0,0.0,0.0,0.0,0.0,0.0,10.0,0.0,0.0,0.0,0.0,0.0,0.0,5.0,0.0,10.0,11.0,6.0
595,15.0,1.0,1.0,1.0,0.0,0.0,1.0,1.0,0.0,0.0,0.0,0.0,0.0,10.0,5.0,5.0,1.0,0.0,0.0,0.0,5.0,0.0,10.0,5.0,5.0
596,15.0,1.0,0.0,0.0,0.0,0.0,1.0,1.0,0.0,0.0,0.0,0.0,0.0,10.0,12.0,5.0,1.0,0.0,0.0,0.0,5.0,0.0,10.0,11.0,6.0
597,20.0,1.0,1.0,1.0,1.0,1.0,1.0,1.0,0.0,0.0,0.0,0.0,0.0,10.0,15.0,15.0,1.0,0.0,0.0,0.0,5.0,1.0,10.0,11.0,5.0
598,5.0,1.0,0.0,0.0,0.0,0.0,1.0,1.0,0.0,0.0,0.0,0.0,0.0,10.0,10.0,5.0,1.0,0.0,0.0,0.0,5.0,0.0,15.0,5.0,5.0
599,15.0,1.0,1.0,1.0,0.0,0.0,1.0,1.0,1.0,1.0,0.0,0.0,0.0,10.0,15.0,5.0,1.0,0.0,0.0,0.0,5.0,1.0,10.0,10.0,5.0
600,10.0,1.0,1.0,1.0,0.0,0.0,1.0,1.0,0.0,0.0,0.0,0.0,0.0,10.0,5.0,5.0,1.0,0.0,0.0,0.0,5.0,0.0,10.0,5.0,5.0
601,15.0,1.0,1.0,0.0,0.0,0.0,1.0,1.0,0.0,1.0,0.0,0.0,0.0,10.0,15.0,15.0,1.0,0.0,0.0,0.0,10.0,1.0,10.0,15.0,5.0
602,15.0,1.0,1.0,1.0,0.0,0.0,1.0,1.0,0.0,1.0,0.0,1.0,0.0,15.0,10.0,15.0,1.0,0.0,0.0,0.0,10.0,1.0,10.0,15.0,6.0
603,5.0,1.0,0.0,0.0,0.0,0.0,1.0,1.0,0.0,0.0,0.0,0.0,0.0,10.0,10.0,5.0,1.0,0.0,0.0,0.0,5.0,1.0,10.0,15.0,5.0
604,5.0,1.0,0.0,0.0,0.0,0.0,1.0,1.0,0.0,0.0,0.0,0.0,0.0,10.0,10.0,5.0,1.0,0.0,0.0,0.0,5.0,0.0,10.0,11.0,5.0
605,5.0,1.0,0.0,0.0,0.0,0.0,0.0,1.0,0.0,0.0,0.0,0.0,0.0,10.0,0.0,5.0,1.0,0.0,0.0,0.0,5.0,0.0,10.0,5.0,6.0
606,5.0,1.0,0.0,0.0,0.0,0.0,1.0,1.0,0.0,0.0,0.0,0.0,0.0,10.0,10.0,5.0,1.0,0.0,0.0,0.0,15.0,1.0,10.0,15.0,5.0
607,15.0,1.0,1.0,0.0,0.0,0.0,1.0,1.0,0.0,1.0,0.0,0.0,0.0,10.0,10.0,5.0,1.0,0.0,0.0,0.0,10.0,1.0,10.0,15.0,5.0
608,5.0,1.0,0.0,0.0,0.0,0.0,1.0,1.0,0.0,0.0,0.0,0.0,1.0,5.0,10.0,5.0,1.0,0.0,0.0,0.0,20.0,0.0,10.0,15.0,5.0
609,20.0,1.0,1.0,0.0,1.0,0.0,1.0,1.0,0.0,1.0,0.0,1.0,0.0,15.0,15.0,15.0,0.0,0.0,1.0,1.0,20.0,0.0,10.0,15.0,5.0
610,15.0,1.0,0.0,0.0,0.0,0.0,1.0,1.0,0.0,0.0,0.0,0.0,0.0,5.0,10.0,5.0,1.0,0.0,0.0,0.0,10.0,1.0,10.0,10.0,5.0
611,15.0,1.0,1.0,1.0,0.0,0.0,1.0,1.0,0.0,0.0,0.0,0.0,1.0,5.0,15.0,0.0,1.0,0.0,0.0,0.0,5.0,0.0,10.0,10.0,5.0
612,15.0,1.0,0.0,0.0,0.0,0.0,1.0,1.0,0.0,0.0,0.0,0.0,0.0,5.0,10.0,5.0,0.0,0.0,0.0,1.0,5.0,0.0,15.0,5.0,5.0
613,5.0,1.0,0.0,0.0,0.0,0.0,1.0,1.0,0.0,0.0,0.0,0.0,0.0,5.0,10.0,15.0,1.0,1.0,0.0,0.0,20.0,1.0,10.0,15.0,5.0
614,15.0,1.0,0.0,1.0,0.0,0.0,1.0,0.0,1.0,0.0,0.0,0.0,1.0,5.0,15.0,5.0,0.0,1.0,1.0,0.0,15.0,1.0,10.0,10.0,15.0
615,5.0,1.0,1.0,0.0,0.0,0.0,1.0,1.0,0.0,1.0,0.0,0.0,1.0,5.0,15.0,5.0,1.0,0.0,0.0,0.0,15.0,1.0,10.0,5.0,5.0
616,10.0,1.0,1.0,0.0,1.0,0.0,1.0,1.0,0.0,1.0,0.0,1.0,1.0,15.0,15.0,5.0,1.0,1.0,0.0,0.0,20.0,1.0,10.0,15.0,5.0
617,15.0,1.0,1.0,1.0,0.0,0.0,1.0,1.0,0.0,0.0,0.0,0.0,0.0,10.0,10.0,0.0,0.0,0.0,0.0,0.0,5.0,0.0,10.0,11.0,6.0
618,5.0,1.0,1.0,1.0,0.0,0.0,1.0,1.0,0.0,0.0,0.0,0.0,0.0,10.0,10.0,0.0,1.0,0.0,0.0,0.0,10.0,0.0,10.0,11.0,6.0
619,10.0,1.0,1.0,1.0,0.0,0.0,1.0,1.0,1.0,1.0,0.0,0.0,0.0,15.0,15.0,15.0,1.0,0.0,0.0,0.0,10.0,1.0,5.0,15.0,6.0
620,15.0,1.0,1.0,1.0,0.0,0.0,1.0,1.0,0.0,0.0,0.0,0.0,0.0,10.0,15.0,5.0,1.0,0.0,0.0,0.0,10.0,1.0,10.0,5.0,5.0
621,15.0,1.0,0.0,1.0,0.0,0.0,1.0,1.0,0.0,0.0,0.0,0.0,1.0,10.0,15.0,0.0,0.0,1.0,0.0,0.0,20.0,0.0,10.0,10.0,5.0
622,15.0,1.0,0.0,0.0,0.0,0.0,1.0,1.0,0.0,0.0,0.0,0.0,0.0,15.0,10.0,5.0,1.0,0.0,0.0,0.0,15.0,1.0,15.0,15.0,5.0
623,5.0,1.0,0.0,0.0,0.0,0.0,1.0,1.0,0.0,0.0,0.0,0.0,0.0,10.0,15.0,5.0,0.0,0.0,1.0,0.0,10.0,1.0,5.0,15.0,5.0
624,10.0,1.0,1.0,1.0,1.0,0.0,1.0,1.0,1.0,1.0,0.0,1.0,1.0,10.0,15.0,15.0,1.0,0.0,1.0,1.0,5.0,1.0,10.0,15.0,6.0
625,5.0,1.0,1.0,0.0,1.0,0.0,1.0,1.0,0.0,1.0,0.0,1.0,0.0,10.0,15.0,0.0,0.0,1.0,0.0,0.0,20.0,1.0,10.0,15.0,15.0
626,15.0,1.0,0.0,0.0,0.0,0.0,1.0,1.0,0.0,0.0,1.0,0.0,1.0,5.0,15.0,5.0,1.0,0.0,0.0,1.0,10.0,1.0,5.0,10.0,5.0
627,5.0,1.0,0.0,0.0,1.0,0.0,1.0,1.0,0.0,0.0,0.0,1.0,0.0,5.0,10.0,5.0,0.0,1.0,0.0,1.0,5.0,1.0,10.0,5.0,5.0
628,12.0,1.0,0.0,0.0,0.0,0.0,1.0,1.0,0.0,0.0,0.0,0.0,0.0,10.0,15.0,5.0,1.0,0.0,0.0,0.0,10.0,1.0,10.0,5.0,5.0
629,20.0,1.0,1.0,1.0,0.0,0.0,1.0,1.0,0.0,0.0,0.0,1.0,1.0,10.0,15.0,15.0,1.0,1.0,1.0,0.0,20.0,0.0,10.0,15.0,5.0
630,10.0,1.0,0.0,0.0,0.0,0.0,1.0,1.0,0.0,0.0,0.0,0.0,0.0,10.0,15.0,5.0,1.0,0.0,0.0,0.0,10.0,1.0,10.0,5.0,6.0
631,10.0,1.0,1.0,0.0,1.0,0.0,1.0,1.0,0.0,1.0,1.0,1.0,1.0,15.0,15.0,5.0,1.0,0.0,0.0,1.0,15.0,1.0,10.0,15.0,5.0
632,20.0,1.0,1.0,1.0,1.0,1.0,1.0,1.0,0.0,0.0,0.0,0.0,0.0,10.0,15.0,0.0,1.0,0.0,0.0,0.0,5.0,0.0,10.0,5.0,5.0
633,15.0,1.0,0.0,0.0,0.0,0.0,1.0,1.0,0.0,0.0,0.0,0.0,0.0,10.0,10.0,5.0,1.0,0.0,0.0,0.0,5.0,0.0,10.0,5.0,6.0
634,20.0,1.0,1.0,0.0,1.0,0.0,1.0,1.0,0.0,0.0,0.0,1.0,0.0,10.0,15.0,5.0,0.0,0.0,1.0,0.0,10.0,0.0,10.0,5.0,5.0
635,15.0,1.0,1.0,1.0,0.0,0.0,1.0,1.0,0.0,1.0,0.0,0.0,0.0,10.0,10.0,5.0,1.0,0.0,0.0,0.0,5.0,0.0,10.0,5.0,5.0
636,15.0,1.0,1.0,1.0,1.0,1.0,1.0,1.0,0.0,0.0,0.0,0.0,0.0,5.0,15.0,0.0,1.0,0.0,0.0,0.0,5.0,0.0,10.0,11.0,5.0
637,15.0,1.0,0.0,0.0,0.0,0.0,1.0,1.0,0.0,0.0,0.0,0.0,1.0,15.0,10.0,15.0,0.0,0.0,0.0,1.0,10.0,1.0,10.0,5.0,10.0
638,20.0,1.0,1.0,0.0,1.0,0.0,1.0,1.0,0.0,1.0,0.0,1.0,0.0,10.0,15.0,15.0,1.0,0.0,0.0,0.0,10.0,1.0,10.0,15.0,5.0
639,20.0,1.0,1.0,1.0,1.0,1.0,1.0,1.0,0.0,0.0,0.0,0.0,0.0,10.0,15.0,5.0,1.0,0.0,0.0,1.0,5.0,0.0,5.0,5.0,6.0
640,5.0,1.0,0.0,0.0,0.0,0.0,0.0,1.0,0.0,0.0,0.0,0.0,0.0,10.0,10.0,5.0,1.0,0.0,0.0,0.0,5.0,1.0,5.0,5.0,5.0
641,10.0,1.0,1.0,0.0,0.0,0.0,1.0,1.0,0.0,0.0,0.0,0.0,0.0,5.0,10.0,0.0,1.0,0.0,0.0,0.0,5.0,1.0,15.0,5.0,5.0
642,5.0,1.0,0.0,0.0,0.0,0.0,1.0,1.0,0.0,1.0,0.0,0.0,0.0,10.0,10.0,0.0,1.0,0.0,0.0,0.0,5.0,1.0,15.0,15.0,5.0
643,10.0,1.0,0.0,0.0,0.0,0.0,1.0,1.0,0.0,0.0,0.0,0.0,0.0,5.0,10.0,5.0,1.0,0.0,0.0,0.0,5.0,1.0,10.0,15.0,5.0
644,5.0,1.0,0.0,1.0,0.0,0.0,1.0,1.0,0.0,0.0,0.0,0.0,0.0,10.0,15.0,0.0,1.0,0.0,0.0,0.0,5.0,1.0,5.0,15.0,5.0
645,5.0,0.0,1.0,0.0,0.0,0.0,1.0,1.0,0.0,0.0,0.0,0.0,0.0,10.0,15.0,0.0,1.0,0.0,0.0,0.0,5.0,1.0,10.0,5.0,5.0
646,5.0,1.0,0.0,0.0,0.0,0.0,1.0,1.0,0.0,1.0,0.0,0.0,0.0,5.0,10.0,0.0,1.0,0.0,0.0,0.0,5.0,1.0,10.0,5.0,5.0
647,15.0,0.0,0.0,0.0,0.0,0.0,1.0,1.0,0.0,0.0,0.0,0.0,0.0,10.0,10.0,5.0,0.0,0.0,0.0,0.0,20.0,0.0,10.0,15.0,5.0
648,15.0,1.0,0.0,0.0,0.0,0.0,1.0,1.0,0.0,0.0,0.0,0.0,0.0,10.0,10.0,5.0,1.0,0.0,0.0,0.0,20.0,0.0,10.0,15.0,15.0
649,15.0,1.0,0.0,0.0,0.0,0.0,1.0,1.0,0.0,0.0,0.0,0.0,0.0,15.0,10.0,5.0,0.0,1.0,0.0,0.0,20.0,0.0,10.0,15.0,5.0
650,15.0,1.0,0.0,0.0,0.0,0.0,1.0,1.0,0.0,0.0,0.0,0.0,0.0,5.0,15.0,0.0,0.0,0.0,0.0,1.0,5.0,0.0,10.0,5.0,5.0
651,15.0,1.0,0.0,0.0,0.0,0.0,1.0,1.0,0.0,0.0,0.0,0.0,0.0,5.0,15.0,0.0,0.0,0.0,0.0,1.0,5.0,0.0,10.0,5.0,5.0
652,5.0,1.0,0.0,0.0,0.0,0.0,1.0,1.0,0.0,0.0,0.0,0.0,0.0,15.0,15.0,5.0,1.0,0.0,0.0,0.0,20.0,1.0,10.0,15.0,6.0
653,10.0,1.0,1.0,1.0,0.0,0.0,1.0,1.0,0.0,0.0,0.0,0.0,0.0,10.0,15.0,5.0,1.0,0.0,0.0,0.0,20.0,0.0,10.0,15.0,5.0
654,5.0,1.0,0.0,0.0,0.0,0.0,0.0,1.0,0.0,0.0,0.0,0.0,0.0,15.0,15.0,5.0,1.0,0.0,0.0,0.0,20.0,1.0,10.0,15.0,5.0
655,5.0,1.0,0.0,0.0,0.0,0.0,1.0,1.0,0.0,0.0,0.0,0.0,0.0,15.0,15.0,5.0,1.0,0.0,0.0,0.0,20.0,1.0,10.0,15.0,5.0
656,5.0,1.0,0.0,0.0,0.0,0.0,1.0,1.0,0.0,0.0,0.0,0.0,0.0,10.0,10.0,5.0,1.0,0.0,0.0,0.0,15.0,0.0,10.0,15.0,5.0
657,15.0,1.0,0.0,1.0,0.0,0.0,1.0,1.0,0.0,0.0,0.0,0.0,0.0,10.0,15.0,5.0,1.0,0.0,0.0,0.0,20.0,0.0,10.0,15.0,5.0
658,5.0,1.0,0.0,0.0,0.0,0.0,1.0,1.0,0.0,0.0,0.0,0.0,0.0,10.0,10.0,5.0,1.0,0.0,0.0,0.0,20.0,1.0,10.0,15.0,5.0
659,5.0,1.0,0.0,0.0,0.0,0.0,1.0,1.0,0.0,0.0,0.0,0.0,0.0,10.0,10.0,0.0,0.0,1.0,0.0,0.0,15.0,0.0,10.0,10.0,5.0
660,15.0,1.0,0.0,0.0,0.0,0.0,1.0,1.0,0.0,0.0,0.0,0.0,0.0,10.0,5.0,5.0,1.0,0.0,0.0,0.0,10.0,1.0,10.0,11.0,5.0
661,15.0,1.0,0.0,0.0,0.0,0.0,1.0,1.0,0.0,0.0,0.0,0.0,0.0,10.0,10.0,5.0,0.0,1.0,0.0,0.0,5.0,0.0,10.0,10.0,5.0
662,10.0,1.0,0.0,0.0,0.0,0.0,1.0,1.0,0.0,0.0,0.0,0.0,0.0,10.0,10.0,5.0,1.0,0.0,0.0,0.0,5.0,0.0,10.0,5.0,5.0
663,5.0,1.0,0.0,0.0,1.0,0.0,1.0,1.0,0.0,0.0,0.0,1.0,0.0,5.0,10.0,5.0,1.0,1.0,0.0,0.0,5.0,0.0,10.0,5.0,5.0
664,5.0,1.0,0.0,0.0,1.0,0.0,1.0,1.0,0.0,0.0,0.0,1.0,0.0,5.0,10.0,5.0,1.0,1.0,0.0,0.0,5.0,0.0,10.0,5.0,5.0
665,15.0,1.0,0.0,0.0,0.0,0.0,1.0,1.0,0.0,0.0,0.0,0.0,0.0,10.0,15.0,5.0,1.0,0.0,0.0,0.0,10.0,0.0,10.0,15.0,5.0
666,5.0,1.0,0.0,0.0,0.0,0.0,1.0,1.0,0.0,0.0,0.0,0.0,0.0,10.0,15.0,0.0,1.0,1.0,0.0,0.0,10.0,1.0,10.0,15.0,6.0
667,15.0,1.0,0.0,0.0,0.0,0.0,1.0,1.0,0.0,0.0,0.0,0.0,0.0,5.0,0.0,5.0,1.0,0.0,0.0,0.0,20.0,1.0,5.0,15.0,5.0
668,10.0,1.0,1.0,1.0,0.0,0.0,1.0,1.0,1.0,1.0,0.0,0.0,1.0,15.0,15.0,0.0,0.0,0.0,1.0,0.0,15.0,0.0,10.0,10.0,5.0
669,5.0,1.0,0.0,0.0,0.0,0.0,1.0,1.0,0.0,0.0,0.0,0.0,0.0,10.0,10.0,5.0,1.0,0.0,0.0,0.0,10.0,0.0,10.0,15.0,5.0
670,5.0,1.0,0.0,0.0,0.0,0.0,1.0,1.0,0.0,0.0,0.0,0.0,1.0,10.0,15.0,5.0,0.0,0.0,0.0,1.0,10.0,0.0,10.0,11.0,15.0
671,15.0,1.0,0.0,0.0,1.0,0.0,1.0,1.0,0.0,0.0,0.0,1.0,0.0,5.0,10.0,5.0,1.0,0.0,0.0,0.0,10.0,1.0,10.0,5.0,6.0
672,5.0,0.0,0.0,0.0,0.0,0.0,1.0,0.0,0.0,0.0,0.0,0.0,1.0,5.0,15.0,5.0,0.0,0.0,1.0,0.0,10.0,1.0,10.0,5.0,10.0
673,5.0,1.0,0.0,0.0,1.0,0.0,1.0,1.0,0.0,0.0,0.0,1.0,0.0,5.0,10.0,5.0,0.0,0.0,0.0,1.0,5.0,0.0,10.0,5.0,5.0
674,10.0,1.0,1.0,1.0,0.0,0.0,1.0,1.0,1.0,1.0,0.0,0.0,1.0,15.0,15.0,15.0,1.0,0.0,1.0,0.0,20.0,1.0,10.0,15.0,6.0
675,5.0,1.0,0.0,0.0,0.0,0.0,1.0,1.0,0.0,1.0,0.0,1.0,0.0,10.0,15.0,5.0,1.0,0.0,0.0,1.0,20.0,1.0,10.0,11.0,5.0
676,15.0,1.0,0.0,1.0,0.0,0.0,1.0,1.0,0.0,0.0,0.0,0.0,1.0,10.0,15.0,5.0,0.0,0.0,1.0,0.0,20.0,0.0,10.0,15.0,5.0
677,15.0,1.0,1.0,1.0,0.0,0.0,1.0,1.0,0.0,1.0,0.0,0.0,0.0,15.0,15.0,15.0,1.0,0.0,1.0,1.0,5.0,0.0,10.0,15.0,5.0
678,15.0,1.0,0.0,0.0,0.0,0.0,1.0,0.0,0.0,0.0,0.0,0.0,0.0,10.0,10.0,15.0,1.0,0.0,0.0,0.0,20.0,1.0,10.0,5.0,5.0
679,20.0,1.0,0.0,0.0,0.0,0.0,1.0,1.0,0.0,0.0,0.0,0.0,0.0,15.0,15.0,15.0,1.0,0.0,0.0,0.0,5.0,1.0,10.0,5.0,5.0
680,20.0,1.0,0.0,0.0,0.0,0.0,1.0,1.0,0.0,0.0,0.0,0.0,0.0,5.0,15.0,5.0,0.0,0.0,1.0,0.0,10.0,1.0,10.0,15.0,10.0
681,15.0,1.0,1.0,0.0,1.0,0.0,1.0,1.0,0.0,1.0,0.0,1.0,0.0,10.0,15.0,15.0,1.0,1.0,0.0,0.0,10.0,0.0,10.0,10.0,5.0
682,15.0,1.0,1.0,1.0,0.0,0.0,1.0,1.0,0.0,1.0,0.0,0.0,1.0,10.0,15.0,5.0,1.0,0.0,0.0,0.0,20.0,1.0,10.0,15.0,5.0
683,15.0,1.0,0.0,0.0,0.0,0.0,1.0,1.0,0.0,0.0,0.0,0.0,0.0,10.0,15.0,0.0,1.0,0.0,0.0,0.0,10.0,0.0,10.0,5.0,5.0
684,15.0,1.0,0.0,0.0,0.0,0.0,1.0,1.0,0.0,0.0,0.0,0.0,0.0,15.0,15.0,0.0,1.0,0.0,0.0,0.0,20.0,0.0,10.0,11.0,5.0
