,0,1,2,3,4,5,6
0,-0.11632631565360128,0.39651500361440617,-0.9405549069763287,0.06594542172613593,0.9154158861235957,0.0042987796207290315,1.9743767717175602
1,0.37014209840449924,0.08381321052683066,-0.3091140922633735,-0.39499961789022253,1.8640692628174884,0.0042987796207290315,-0.42358083223018583
2,-0.6027947297117018,1.021918589789557,0.11184645087859663,-0.39499961789022253,-0.98189086726419,0.0042987796207290315,-0.42358083223018583
3,0.37014209840449924,1.647322175964708,0.11184645087859663,-0.39499961789022253,-0.0332374905702971,0.0042987796207290315,-0.42358083223018583
4,-1.0892631437698024,-1.1669939618234713,-0.9405549069763287,-0.39499961789022253,-0.98189086726419,0.0042987796207290315,1.9743767717175602
5,1.8295473405788008,-0.8542921687358959,-0.9405549069763287,-0.39499961789022253,-0.0332374905702971,0.0042987796207290315,-0.42358083223018583
6,-0.11632631565360128,-1.1669939618234713,-0.414354228048866,-0.39499961789022253,-0.98189086726419,0.0042987796207290315,-0.42358083223018583
7,-0.4082073640884616,-1.7923975479986223,-0.9405549069763287,-0.39499961789022253,-0.98189086726419,0.0042987796207290315,-0.42358083223018583
8,-2.0621999718860033,-1.7923975479986223,0.11184645087859663,-0.39499961789022253,-0.98189086726419,0.0042987796207290315,-0.42358083223018583
9,-0.11632631565360128,0.08381321052683066,-0.9405549069763287,-0.39499961789022253,-0.0332374905702971,0.0042987796207290315,-0.42358083223018583
10,0.37014209840449924,0.08381321052683066,-0.9405549069763287,-0.39499961789022253,-0.98189086726419,0.0042987796207290315,-0.42358083223018583
11,-0.6027947297117018,-0.22888858256074482,-0.9405549069763287,-0.39499961789022253,-0.98189086726419,-2.9403652605785267,-0.42358083223018583
12,-2.0621999718860033,-1.7923975479986223,-0.9405549069763287,0.06594542172613593,-0.98189086726419,0.0042987796207290315,-0.42358083223018583
13,-0.11632631565360128,0.08381321052683066,-0.414354228048866,0.06594542172613593,-0.98189086726419,0.0042987796207290315,-0.42358083223018583
14,-0.11632631565360128,-0.8542921687358959,0.11184645087859663,0.06594542172613593,1.8640692628174884,0.0042987796207290315,-0.42358083223018583
15,-0.11632631565360128,-1.1669939618234713,-0.9405549069763287,-0.39499961789022253,-0.98189086726419,0.0042987796207290315,-0.42358083223018583
16,-0.6027947297117018,-1.1669939618234713,-0.9405549069763287,-0.39499961789022253,-0.98189086726419,0.0042987796207290315,-0.42358083223018583
17,-0.11632631565360128,0.08381321052683066,-0.3091140922633735,1.9097255801915698,0.9154158861235957,0.0042987796207290315,1.9743767717175602
18,-2.0621999718860033,-0.5415903756483204,-0.414354228048866,0.06594542172613593,-0.98189086726419,2.9489628198199846,-0.42358083223018583
19,0.37014209840449924,1.021918589789557,0.11184645087859663,-0.39499961789022253,-0.98189086726419,0.0042987796207290315,-0.42358083223018583
20,0.37014209840449924,-1.1669939618234713,-0.9405549069763287,-0.39499961789022253,-0.0332374905702971,0.0042987796207290315,-0.42358083223018583
21,0.8566105124625998,-1.1669939618234713,-0.9405549069763287,-0.39499961789022253,-0.0332374905702971,0.0042987796207290315,-0.42358083223018583
22,0.37014209840449924,0.20889392776186086,0.21708658666408914,0.06594542172613593,1.8640692628174884,0.0042987796207290315,-0.42358083223018583
23,0.37014209840449924,0.20889392776186086,0.21708658666408914,0.06594542172613593,1.8640692628174884,0.0042987796207290315,-0.42358083223018583
24,-0.11632631565360128,0.39651500361440617,0.11184645087859663,-0.39499961789022253,0.9154158861235957,0.0042987796207290315,-0.42358083223018583
25,1.3430789265207004,0.39651500361440617,1.6904484876609847,-0.39499961789022253,-0.0332374905702971,0.0042987796207290315,-0.42358083223018583
26,-0.11632631565360128,-0.22888858256074482,0.11184645087859663,0.06594542172613593,-0.98189086726419,0.0042987796207290315,-0.42358083223018583
27,-0.6027947297117018,-0.8542921687358959,0.11184645087859663,1.9097255801915698,-0.98189086726419,0.0042987796207290315,0.7753979697436871
28,-0.11632631565360128,-0.8542921687358959,-0.9405549069763287,4.214450778273362,-0.0332374905702971,0.0042987796207290315,-0.42358083223018583
29,-0.11632631565360128,0.08381321052683066,2.2166491665884474,0.06594542172613593,0.9154158861235957,0.0042987796207290315,-0.42358083223018583
30,-0.6027947297117018,-0.5415903756483204,0.11184645087859663,-0.39499961789022253,-0.0332374905702971,0.0042987796207290315,-0.42358083223018583
31,-0.4082073640884616,-1.1669939618234713,0.11184645087859663,4.214450778273362,-0.98189086726419,0.0042987796207290315,-0.42358083223018583
32,0.37014209840449924,0.08381321052683066,2.74284984551591,-0.39499961789022253,1.8640692628174884,0.0042987796207290315,-0.42358083223018583
33,0.37014209840449924,-0.22888858256074482,-0.3091140922633735,-0.39499961789022253,-0.98189086726419,0.0042987796207290315,-0.42358083223018583
34,0.37014209840449924,0.7092167967019817,2.74284984551591,-0.39499961789022253,0.9154158861235957,0.0042987796207290315,3.1733555736914334
35,1.3430789265207004,1.021918589789557,-0.9405549069763287,-0.39499961789022253,-0.98189086726419,0.0042987796207290315,-0.42358083223018583
36,-1.0892631437698024,0.20889392776186086,0.21708658666408914,-0.39499961789022253,-0.98189086726419,0.0042987796207290315,-0.42358083223018583
37,-0.6027947297117018,1.3346203828771326,0.11184645087859663,1.9097255801915698,-0.0332374905702971,0.0042987796207290315,1.9743767717175602
38,2.3160157546369016,1.9600239690522836,2.74284984551591,-0.39499961789022253,-0.0332374905702971,0.0042987796207290315,1.9743767717175602
39,-1.0892631437698024,1.021918589789557,2.74284984551591,-0.39499961789022253,1.8640692628174884,0.0042987796207290315,0.7753979697436871
40,-0.11632631565360128,0.08381321052683066,0.11184645087859663,-0.39499961789022253,-0.0332374905702971,0.0042987796207290315,-0.42358083223018583
41,0.8566105124625998,0.08381321052683066,1.6904484876609847,-0.39499961789022253,-0.98189086726419,0.0042987796207290315,-0.42358083223018583
42,-1.0892631437698024,0.08381321052683066,0.6380471298060593,0.06594542172613593,-0.98189086726419,0.0042987796207290315,-0.42358083223018583
43,-1.0892631437698024,0.08381321052683066,-0.3091140922633735,-0.39499961789022253,-0.98189086726419,0.0042987796207290315,1.9743767717175602
44,0.37014209840449924,0.08381321052683066,0.21708658666408914,-0.39499961789022253,-0.98189086726419,0.0042987796207290315,-0.42358083223018583
45,1.3430789265207004,1.647322175964708,1.795688623446477,-0.39499961789022253,-0.0332374905702971,0.0042987796207290315,-0.42358083223018583
46,1.3430789265207004,1.021918589789557,2.74284984551591,-0.39499961789022253,1.8640692628174884,0.0042987796207290315,3.1733555736914334
47,-0.11632631565360128,0.08381321052683066,-0.414354228048866,0.06594542172613593,-0.98189086726419,0.0042987796207290315,-0.42358083223018583
48,1.8295473405788008,-0.5415903756483204,1.164247808733522,-0.39499961789022253,-0.98189086726419,0.0042987796207290315,-0.42358083223018583
49,-0.11632631565360128,0.08381321052683066,-0.3091140922633735,-0.39499961789022253,-0.0332374905702971,0.0042987796207290315,-0.42358083223018583
50,-0.11632631565360128,-0.22888858256074482,-0.9405549069763287,-0.39499961789022253,-0.98189086726419,0.0042987796207290315,-0.42358083223018583
51,-0.6027947297117018,-0.8542921687358959,0.11184645087859663,1.9097255801915698,-0.0332374905702971,0.0042987796207290315,-0.42358083223018583
52,-0.11632631565360128,-0.8542921687358959,-0.9405549069763287,1.9097255801915698,-0.0332374905702971,0.0042987796207290315,-0.42358083223018583
53,1.8295473405788008,0.08381321052683066,1.164247808733522,-0.39499961789022253,-0.0332374905702971,0.0042987796207290315,1.9743767717175602
54,-1.5757315578279028,-1.7923975479986223,-0.9405549069763287,1.9097255801915698,-0.98189086726419,0.0042987796207290315,-0.42358083223018583
55,2.3160157546369016,-1.1669939618234713,-0.9405549069763287,-0.39499961789022253,-0.98189086726419,0.0042987796207290315,-0.42358083223018583
56,-0.11632631565360128,-0.10380786532571463,0.11184645087859663,0.06594542172613593,1.8640692628174884,0.0042987796207290315,-0.42358083223018583
57,-0.11632631565360128,1.021918589789557,-0.9405549069763287,-0.39499961789022253,0.9154158861235957,0.0042987796207290315,-0.42358083223018583
58,-0.11632631565360128,1.3346203828771326,-0.414354228048866,-0.39499961789022253,0.9154158861235957,0.0042987796207290315,-0.42358083223018583
59,1.8295473405788008,1.9600239690522836,0.11184645087859663,-0.39499961789022253,-0.98189086726419,0.0042987796207290315,-0.42358083223018583
60,-1.0892631437698024,-0.8542921687358959,-0.9405549069763287,1.9097255801915698,-0.98189086726419,0.0042987796207290315,-0.42358083223018583
61,0.8566105124625998,0.39651500361440617,-0.9405549069763287,-0.39499961789022253,-0.98189086726419,2.9489628198199846,-0.42358083223018583
62,-1.0892631437698024,-1.1669939618234713,-0.9405549069763287,1.9097255801915698,-0.98189086726419,-2.9403652605785267,-0.42358083223018583
63,-0.11632631565360128,0.39651500361440617,-0.3091140922633735,-0.39499961789022253,1.8640692628174884,0.0042987796207290315,-0.42358083223018583
64,-0.6027947297117018,0.39651500361440617,2.2166491665884474,-0.39499961789022253,-0.0332374905702971,0.0042987796207290315,-0.42358083223018583
65,0.8566105124625998,0.39651500361440617,2.2166491665884474,-0.39499961789022253,-0.0332374905702971,2.9489628198199846,-0.42358083223018583
66,-0.6027947297117018,-0.8542921687358959,0.11184645087859663,0.06594542172613593,-0.0332374905702971,0.0042987796207290315,-0.42358083223018583
67,0.8566105124625998,0.7092167967019817,1.795688623446477,-0.39499961789022253,0.9154158861235957,0.0042987796207290315,3.1733555736914334
68,0.8566105124625998,0.7092167967019817,-0.3091140922633735,-0.39499961789022253,-0.98189086726419,0.0042987796207290315,-0.42358083223018583
69,-0.6027947297117018,1.021918589789557,0.6380471298060593,-0.39499961789022253,-0.0332374905702971,0.0042987796207290315,-0.42358083223018583
70,0.37014209840449924,1.9600239690522836,2.74284984551591,-0.39499961789022253,-0.0332374905702971,0.0042987796207290315,-0.42358083223018583
71,0.8566105124625998,1.9600239690522836,-0.3091140922633735,0.06594542172613593,1.8640692628174884,2.9489628198199846,-0.42358083223018583
72,-1.5757315578279028,-0.22888858256074482,2.2166491665884474,-0.39499961789022253,0.9154158861235957,0.0042987796207290315,-0.42358083223018583
73,0.8566105124625998,1.459701100112163,0.21708658666408914,0.06594542172613593,-0.98189086726419,0.0042987796207290315,-0.42358083223018583
74,0.8566105124625998,2.89812934831501,1.164247808733522,-0.39499961789022253,1.8640692628174884,0.0042987796207290315,-0.42358083223018583
75,1.8295473405788008,-0.5415903756483204,-0.414354228048866,-0.39499961789022253,-0.98189086726419,0.0042987796207290315,-0.42358083223018583
76,2.3160157546369016,1.647322175964708,-0.9405549069763287,0.06594542172613593,-0.98189086726419,0.0042987796207290315,-0.42358083223018583
77,1.3430789265207004,-0.5415903756483204,1.164247808733522,-0.39499961789022253,-0.98189086726419,0.0042987796207290315,-0.42358083223018583
78,-0.11632631565360128,-1.4796957549110468,-0.9405549069763287,-0.39499961789022253,-0.98189086726419,0.0042987796207290315,-0.42358083223018583
79,0.37014209840449924,1.021918589789557,0.6380471298060593,-0.39499961789022253,-0.98189086726419,0.0042987796207290315,0.7753979697436871
80,0.37014209840449924,-1.1669939618234713,0.11184645087859663,-0.39499961789022253,-0.98189086726419,0.0042987796207290315,-0.42358083223018583
81,-0.11632631565360128,-0.8542921687358959,0.6380471298060593,-0.39499961789022253,-0.98189086726419,0.0042987796207290315,1.9743767717175602
82,1.3430789265207004,-2.105099341086198,-0.414354228048866,-0.39499961789022253,-0.0332374905702971,0.0042987796207290315,-0.42358083223018583
83,-1.0892631437698024,-0.8542921687358959,0.11184645087859663,-0.39499961789022253,-0.98189086726419,0.0042987796207290315,-0.42358083223018583
84,-1.0892631437698024,-1.1669939618234713,-0.414354228048866,-0.39499961789022253,-0.98189086726419,0.0042987796207290315,-0.42358083223018583
85,-0.6027947297117018,0.08381321052683066,-1.4667555859037913,-0.39499961789022253,-0.0332374905702971,0.0042987796207290315,-0.42358083223018583
86,-0.6027947297117018,0.08381321052683066,0.11184645087859663,1.9097255801915698,-0.0332374905702971,0.0042987796207290315,-0.42358083223018583
87,0.37014209840449924,0.08381321052683066,2.74284984551591,-0.39499961789022253,-0.98189086726419,0.0042987796207290315,-0.42358083223018583
88,1.3430789265207004,0.39651500361440617,1.164247808733522,-0.39499961789022253,-0.0332374905702971,0.0042987796207290315,1.9743767717175602
89,-0.6027947297117018,1.021918589789557,0.11184645087859663,0.06594542172613593,-0.98189086726419,0.0042987796207290315,-0.42358083223018583
90,-1.0892631437698024,0.08381321052683066,0.11184645087859663,-0.39499961789022253,0.9154158861235957,0.0042987796207290315,-0.42358083223018583
91,0.8566105124625998,1.459701100112163,0.21708658666408914,0.06594542172613593,-0.98189086726419,0.0042987796207290315,-0.42358083223018583
92,0.8566105124625998,1.459701100112163,0.21708658666408914,0.06594542172613593,-0.98189086726419,0.0042987796207290315,-0.42358083223018583
93,0.8566105124625998,1.459701100112163,-0.9405549069763287,-0.39499961789022253,-0.0332374905702971,0.0042987796207290315,-0.42358083223018583
94,-1.0892631437698024,-0.8542921687358959,0.11184645087859663,1.9097255801915698,0.9154158861235957,0.0042987796207290315,-0.42358083223018583
95,-1.0892631437698024,-0.5415903756483204,-1.992956264831254,-0.39499961789022253,1.8640692628174884,0.0042987796207290315,-0.42358083223018583
96,-0.6027947297117018,0.08381321052683066,0.11184645087859663,0.06594542172613593,-0.0332374905702971,0.0042987796207290315,-0.42358083223018583
97,1.3430789265207004,0.7092167967019817,-0.9405549069763287,-0.39499961789022253,1.8640692628174884,0.0042987796207290315,-0.42358083223018583
98,0.37014209840449924,0.7092167967019817,-0.9405549069763287,-0.39499961789022253,1.8640692628174884,0.0042987796207290315,-0.42358083223018583
99,-0.6027947297117018,-0.8542921687358959,-0.9405549069763287,-0.39499961789022253,1.8640692628174884,0.0042987796207290315,-0.42358083223018583
100,-0.11632631565360128,-0.8542921687358959,-0.414354228048866,-0.39499961789022253,-0.98189086726419,0.0042987796207290315,-0.42358083223018583
101,0.37014209840449924,-0.8542921687358959,-0.414354228048866,-0.39499961789022253,-0.98189086726419,0.0042987796207290315,-0.42358083223018583
102,1.3430789265207004,0.39651500361440617,-1.992956264831254,-0.39499961789022253,1.8640692628174884,0.0042987796207290315,-0.42358083223018583
103,0.8566105124625998,0.08381321052683066,0.21708658666408914,-0.39499961789022253,-0.0332374905702971,0.0042987796207290315,3.1733555736914334
104,-0.6027947297117018,-0.8542921687358959,-1.4667555859037913,-0.39499961789022253,-0.98189086726419,0.0042987796207290315,-0.42358083223018583
105,0.37014209840449924,0.08381321052683066,0.11184645087859663,-0.39499961789022253,-0.0332374905702971,0.0042987796207290315,-0.42358083223018583
106,0.8566105124625998,0.7092167967019817,0.11184645087859663,-0.39499961789022253,1.8640692628174884,0.0042987796207290315,-0.42358083223018583
107,-0.11632631565360128,-0.22888858256074482,-0.9405549069763287,0.06594542172613593,0.9154158861235957,0.0042987796207290315,-0.42358083223018583
108,1.3430789265207004,0.39651500361440617,0.11184645087859663,-0.39499961789022253,-0.0332374905702971,0.0042987796207290315,-0.42358083223018583
109,0.8566105124625998,-0.22888858256074482,-0.9405549069763287,-0.39499961789022253,-0.98189086726419,0.0042987796207290315,-0.42358083223018583
110,1.3430789265207004,-0.8542921687358959,0.11184645087859663,-0.39499961789022253,-0.0332374905702971,0.0042987796207290315,1.9743767717175602
111,-1.0892631437698024,0.08381321052683066,0.11184645087859663,-0.39499961789022253,-0.0332374905702971,0.0042987796207290315,1.9743767717175602
112,0.8566105124625998,1.021918589789557,0.11184645087859663,-0.39499961789022253,0.9154158861235957,0.0042987796207290315,-0.42358083223018583
113,-1.0892631437698024,0.08381321052683066,0.11184645087859663,-0.39499961789022253,-0.0332374905702971,0.0042987796207290315,1.9743767717175602
114,-0.6027947297117018,-0.22888858256074482,0.11184645087859663,0.06594542172613593,-0.0332374905702971,0.0042987796207290315,1.9743767717175602
115,-0.6027947297117018,-0.22888858256074482,-0.3091140922633735,-0.39499961789022253,1.8640692628174884,-2.9403652605785267,1.9743767717175602
116,0.37014209840449924,0.08381321052683066,-0.414354228048866,-0.39499961789022253,-0.0332374905702971,0.0042987796207290315,-0.42358083223018583
117,-2.548668385944104,-1.7923975479986223,-0.3091140922633735,-0.39499961789022253,-0.0332374905702971,0.0042987796207290315,-0.42358083223018583
118,-0.11632631565360128,-0.22888858256074482,0.11184645087859663,-0.39499961789022253,-0.98189086726419,0.0042987796207290315,-0.42358083223018583
119,0.37014209840449924,0.7092167967019817,-0.9405549069763287,-0.39499961789022253,1.8640692628174884,0.0042987796207290315,-0.42358083223018583
120,-1.0892631437698024,0.08381321052683066,0.11184645087859663,-0.39499961789022253,-0.0332374905702971,0.0042987796207290315,-0.42358083223018583
121,0.37014209840449924,0.39651500361440617,-0.9405549069763287,-0.39499961789022253,0.9154158861235957,0.0042987796207290315,-0.42358083223018583
122,0.8566105124625998,0.7092167967019817,2.2166491665884474,-0.39499961789022253,-0.98189086726419,0.0042987796207290315,-0.42358083223018583
123,0.37014209840449924,-1.7923975479986223,0.11184645087859663,1.9097255801915698,-0.98189086726419,0.0042987796207290315,-0.42358083223018583
124,0.37014209840449924,1.3346203828771326,-0.8353147711908362,0.06594542172613593,-0.0332374905702971,0.0042987796207290315,-0.42358083223018583
125,-0.11632631565360128,0.39651500361440617,0.6380471298060593,-0.39499961789022253,1.8640692628174884,2.9489628198199846,-0.42358083223018583
126,0.37014209840449924,1.647322175964708,0.11184645087859663,-0.39499961789022253,-0.0332374905702971,0.0042987796207290315,-0.42358083223018583
127,-0.11632631565360128,1.021918589789557,1.6904484876609847,-0.39499961789022253,-0.0332374905702971,0.0042987796207290315,-0.42358083223018583
128,-0.11632631565360128,-0.22888858256074482,0.11184645087859663,-0.39499961789022253,-0.98189086726419,0.0042987796207290315,-0.42358083223018583
129,-0.6027947297117018,0.39651500361440617,0.11184645087859663,-0.39499961789022253,1.8640692628174884,0.0042987796207290315,-0.42358083223018583
130,-0.6027947297117018,0.7092167967019817,-0.414354228048866,0.06594542172613593,-0.0332374905702971,0.0042987796207290315,1.9743767717175602
131,-1.0892631437698024,0.08381321052683066,-0.414354228048866,-0.39499961789022253,-0.0332374905702971,0.0042987796207290315,-0.42358083223018583
132,-1.0892631437698024,0.08381321052683066,2.74284984551591,-0.39499961789022253,-0.0332374905702971,0.0042987796207290315,-0.42358083223018583
133,-0.11632631565360128,-0.22888858256074482,0.11184645087859663,-0.39499961789022253,-0.0332374905702971,0.0042987796207290315,-0.42358083223018583
134,-1.0892631437698024,-0.22888858256074482,-0.9405549069763287,1.9097255801915698,-0.0332374905702971,2.9489628198199846,-0.42358083223018583
135,-0.11632631565360128,-0.8542921687358959,0.6380471298060593,-0.39499961789022253,-0.0332374905702971,0.0042987796207290315,-0.42358083223018583
136,-0.11632631565360128,-1.4796957549110468,0.6380471298060593,-0.39499961789022253,-0.0332374905702971,0.0042987796207290315,-0.42358083223018583
137,0.8566105124625998,0.08381321052683066,0.11184645087859663,-0.39499961789022253,1.8640692628174884,0.0042987796207290315,-0.42358083223018583
138,1.3430789265207004,0.39651500361440617,-0.414354228048866,-0.39499961789022253,-0.98189086726419,0.0042987796207290315,1.9743767717175602
139,1.3430789265207004,-0.8542921687358959,2.2166491665884474,-0.39499961789022253,-0.98189086726419,0.0042987796207290315,-0.42358083223018583
140,-0.11632631565360128,0.08381321052683066,-0.414354228048866,0.06594542172613593,1.8640692628174884,0.0042987796207290315,-0.42358083223018583
141,-2.0621999718860033,-1.1669939618234713,-0.9405549069763287,-0.39499961789022253,-0.0332374905702971,0.0042987796207290315,-0.42358083223018583
142,-0.11632631565360128,0.08381321052683066,0.11184645087859663,-0.39499961789022253,0.9154158861235957,2.9489628198199846,-0.42358083223018583
143,-0.11632631565360128,0.39651500361440617,0.11184645087859663,-0.39499961789022253,-0.0332374905702971,0.0042987796207290315,-0.42358083223018583
144,0.8566105124625998,0.39651500361440617,0.11184645087859663,-0.39499961789022253,-0.0332374905702971,0.0042987796207290315,-0.42358083223018583
145,0.37014209840449924,0.39651500361440617,0.11184645087859663,-0.39499961789022253,-0.0332374905702971,0.0042987796207290315,-0.42358083223018583
146,-0.11632631565360128,0.08381321052683066,0.7432872655915518,-0.39499961789022253,0.9154158861235957,0.0042987796207290315,-0.42358083223018583
147,0.8566105124625998,1.3346203828771326,0.21708658666408914,4.214450778273362,-0.0332374905702971,0.0042987796207290315,-0.42358083223018583
148,0.37014209840449924,0.08381321052683066,0.11184645087859663,-0.39499961789022253,-0.98189086726419,0.0042987796207290315,-0.42358083223018583
149,-0.11632631565360128,0.08381321052683066,0.11184645087859663,-0.39499961789022253,-0.0332374905702971,0.0042987796207290315,-0.42358083223018583
150,-0.11632631565360128,0.39651500361440617,-1.992956264831254,-0.39499961789022253,1.8640692628174884,0.0042987796207290315,-0.42358083223018583
151,2.3160157546369016,0.7092167967019817,-0.414354228048866,-0.39499961789022253,-0.0332374905702971,0.0042987796207290315,-0.42358083223018583
152,-1.0892631437698024,-1.1669939618234713,0.11184645087859663,-0.39499961789022253,-0.0332374905702971,0.0042987796207290315,-0.42358083223018583
153,2.3160157546369016,0.39651500361440617,0.6380471298060593,-0.39499961789022253,0.9154158861235957,0.0042987796207290315,-0.42358083223018583
154,0.8566105124625998,0.39651500361440617,-0.9405549069763287,-0.39499961789022253,-0.0332374905702971,0.0042987796207290315,-0.42358083223018583
155,0.37014209840449924,1.3346203828771326,2.2166491665884474,-0.39499961789022253,-0.0332374905702971,0.0042987796207290315,-0.42358083223018583
156,-0.6027947297117018,0.08381321052683066,0.11184645087859663,0.06594542172613593,0.9154158861235957,0.0042987796207290315,-0.42358083223018583
157,-0.11632631565360128,1.021918589789557,0.11184645087859663,-0.39499961789022253,-0.0332374905702971,0.0042987796207290315,-0.42358083223018583
158,-0.11632631565360128,0.20889392776186086,0.11184645087859663,0.06594542172613593,1.8640692628174884,0.0042987796207290315,-0.42358083223018583
159,-0.11632631565360128,1.3346203828771326,-0.414354228048866,1.9097255801915698,-0.98189086726419,0.0042987796207290315,-0.42358083223018583
160,0.8566105124625998,0.39651500361440617,-0.9405549069763287,-0.39499961789022253,0.9154158861235957,0.0042987796207290315,-0.42358083223018583
161,-0.6027947297117018,0.39651500361440617,-0.414354228048866,-0.39499961789022253,-0.0332374905702971,0.0042987796207290315,-0.42358083223018583
162,-0.11632631565360128,-0.8542921687358959,0.6380471298060593,1.9097255801915698,1.8640692628174884,-2.9403652605785267,-0.42358083223018583
163,-0.11632631565360128,1.647322175964708,0.11184645087859663,-0.39499961789022253,-0.0332374905702971,0.0042987796207290315,0.7753979697436871
164,-1.0892631437698024,0.39651500361440617,0.11184645087859663,-0.39499961789022253,1.8640692628174884,0.0042987796207290315,-0.42358083223018583
165,-0.11632631565360128,-0.5415903756483204,-0.414354228048866,4.214450778273362,0.9154158861235957,0.0042987796207290315,3.1733555736914334
166,0.8566105124625998,0.7092167967019817,-0.9405549069763287,-0.39499961789022253,0.9154158861235957,0.0042987796207290315,-0.42358083223018583
167,0.8566105124625998,1.459701100112163,0.21708658666408914,0.06594542172613593,-0.98189086726419,0.0042987796207290315,-0.42358083223018583
168,-0.11632631565360128,0.08381321052683066,0.11184645087859663,0.06594542172613593,-0.0332374905702971,0.0042987796207290315,-0.42358083223018583
169,-0.6027947297117018,0.39651500361440617,0.11184645087859663,-0.39499961789022253,1.8640692628174884,0.0042987796207290315,-0.42358083223018583
170,-1.0892631437698024,0.39651500361440617,-1.992956264831254,-0.39499961789022253,-0.98189086726419,0.0042987796207290315,-0.42358083223018583
171,-0.11632631565360128,0.08381321052683066,0.11184645087859663,4.214450778273362,0.9154158861235957,2.9489628198199846,-0.42358083223018583
172,2.3160157546369016,1.647322175964708,0.11184645087859663,-0.39499961789022253,1.8640692628174884,0.0042987796207290315,-0.42358083223018583
173,-0.11632631565360128,-0.8542921687358959,0.11184645087859663,-0.39499961789022253,-0.0332374905702971,0.0042987796207290315,-0.42358083223018583
174,0.37014209840449924,0.39651500361440617,0.11184645087859663,0.06594542172613593,-0.0332374905702971,0.0042987796207290315,1.9743767717175602
175,-0.6027947297117018,0.39651500361440617,0.11184645087859663,-0.39499961789022253,-0.0332374905702971,0.0042987796207290315,-0.42358083223018583
176,-1.0892631437698024,-0.41650965841329013,0.6380471298060593,-0.39499961789022253,-0.0332374905702971,0.0042987796207290315,-0.42358083223018583
177,0.8566105124625998,1.647322175964708,0.11184645087859663,-0.39499961789022253,-0.98189086726419,0.0042987796207290315,3.1733555736914334
178,1.3430789265207004,0.39651500361440617,0.11184645087859663,-0.39499961789022253,-0.0332374905702971,0.0042987796207290315,-0.42358083223018583
179,-1.0892631437698024,1.021918589789557,2.3218893023739398,0.06594542172613593,1.8640692628174884,0.0042987796207290315,0.7753979697436871
180,0.8566105124625998,1.3346203828771326,0.11184645087859663,1.9097255801915698,0.9154158861235957,0.0042987796207290315,-0.42358083223018583
181,-0.11632631565360128,1.021918589789557,-1.4667555859037913,-0.39499961789022253,-0.0332374905702971,0.0042987796207290315,-0.42358083223018583
182,-0.11632631565360128,0.7092167967019817,0.11184645087859663,4.214450778273362,-0.0332374905702971,0.0042987796207290315,0.7753979697436871
183,-1.0892631437698024,0.39651500361440617,-0.9405549069763287,0.06594542172613593,-0.0332374905702971,0.0042987796207290315,-0.42358083223018583
184,0.37014209840449924,0.39651500361440617,0.11184645087859663,-0.39499961789022253,-0.0332374905702971,0.0042987796207290315,0.7753979697436871
185,-0.6027947297117018,1.3346203828771326,2.2166491665884474,-0.39499961789022253,-0.98189086726419,0.0042987796207290315,-0.42358083223018583
186,-0.6027947297117018,1.647322175964708,2.2166491665884474,-0.39499961789022253,-0.98189086726419,0.0042987796207290315,-0.42358083223018583
187,-0.6027947297117018,1.647322175964708,2.2166491665884474,-0.39499961789022253,-0.98189086726419,0.0042987796207290315,-0.42358083223018583
188,0.37014209840449924,0.7092167967019817,0.6380471298060593,0.06594542172613593,-0.0332374905702971,-2.9403652605785267,-0.42358083223018583
189,-0.11632631565360128,-0.5415903756483204,-0.9405549069763287,-0.39499961789022253,1.8640692628174884,0.0042987796207290315,1.9743767717175602
190,0.37014209840449924,1.3346203828771326,2.74284984551591,-0.39499961789022253,-0.0332374905702971,0.0042987796207290315,-0.42358083223018583
191,-0.6027947297117018,1.3346203828771326,0.11184645087859663,-0.39499961789022253,-0.98189086726419,0.0042987796207290315,-0.42358083223018583
192,1.3430789265207004,1.021918589789557,-0.9405549069763287,-0.39499961789022253,-0.0332374905702971,0.0042987796207290315,-0.42358083223018583
193,-0.6027947297117018,1.021918589789557,0.11184645087859663,-0.39499961789022253,1.8640692628174884,0.0042987796207290315,-0.42358083223018583
194,0.8566105124625998,1.021918589789557,1.164247808733522,4.214450778273362,1.8640692628174884,0.0042987796207290315,-0.42358083223018583
195,1.3430789265207004,1.647322175964708,0.11184645087859663,-0.39499961789022253,0.9154158861235957,0.0042987796207290315,3.1733555736914334
196,0.8566105124625998,1.647322175964708,1.6904484876609847,1.9097255801915698,0.9154158861235957,0.0042987796207290315,-0.42358083223018583
197,-2.0621999718860033,1.3346203828771326,0.7432872655915518,-0.39499961789022253,-0.0332374905702971,0.0042987796207290315,1.9743767717175602
198,-0.11632631565360128,1.021918589789557,-0.3091140922633735,0.06594542172613593,1.8640692628174884,0.0042987796207290315,-0.42358083223018583
199,-0.6027947297117018,1.3346203828771326,0.11184645087859663,0.06594542172613593,1.8640692628174884,2.9489628198199846,-0.42358083223018583
200,-0.11632631565360128,1.021918589789557,-0.9405549069763287,-0.39499961789022253,1.8640692628174884,0.0042987796207290315,-0.42358083223018583
201,2.3160157546369016,0.08381321052683066,0.11184645087859663,-0.39499961789022253,-0.98189086726419,0.0042987796207290315,-0.42358083223018583
202,0.37014209840449924,1.3346203828771326,2.2166491665884474,-0.39499961789022253,-0.98189086726419,0.0042987796207290315,-0.42358083223018583
203,0.37014209840449924,1.3346203828771326,3.2690505244433723,-0.39499961789022253,-0.0332374905702971,0.0042987796207290315,-0.42358083223018583
204,-0.6027947297117018,1.3346203828771326,2.2166491665884474,0.06594542172613593,-0.98189086726419,0.0042987796207290315,-0.42358083223018583
205,1.3430789265207004,1.9600239690522836,1.164247808733522,-0.39499961789022253,1.8640692628174884,2.9489628198199846,-0.42358083223018583
206,0.37014209840449924,-0.5415903756483204,-0.414354228048866,-0.39499961789022253,-0.98189086726419,0.0042987796207290315,-0.42358083223018583
207,-1.0892631437698024,0.08381321052683066,-0.9405549069763287,-0.39499961789022253,-0.98189086726419,0.0042987796207290315,0.7753979697436871
208,-0.11632631565360128,0.39651500361440617,0.11184645087859663,-0.39499961789022253,0.9154158861235957,0.0042987796207290315,3.1733555736914334
209,0.8566105124625998,0.08381321052683066,0.21708658666408914,0.06594542172613593,-0.98189086726419,0.0042987796207290315,-0.42358083223018583
210,2.3160157546369016,1.647322175964708,-0.414354228048866,4.214450778273362,-0.98189086726419,2.9489628198199846,-0.42358083223018583
211,0.37014209840449924,0.39651500361440617,-0.9405549069763287,-0.39499961789022253,-0.98189086726419,0.0042987796207290315,-0.42358083223018583
212,1.8295473405788008,1.021918589789557,-0.9405549069763287,-0.39499961789022253,-0.0332374905702971,0.0042987796207290315,-0.42358083223018583
213,0.8566105124625998,0.7092167967019817,-0.9405549069763287,-0.39499961789022253,-0.98189086726419,0.0042987796207290315,-0.42358083223018583
214,1.3430789265207004,1.021918589789557,0.6380471298060593,-0.39499961789022253,-0.0332374905702971,0.0042987796207290315,-0.42358083223018583
215,-1.0892631437698024,-0.8542921687358959,1.164247808733522,-0.39499961789022253,0.9154158861235957,0.0042987796207290315,-0.42358083223018583
216,-0.11632631565360128,0.08381321052683066,-0.3091140922633735,0.06594542172613593,-0.0332374905702971,0.0042987796207290315,-0.42358083223018583
217,-0.11632631565360128,0.39651500361440617,0.11184645087859663,-0.39499961789022253,-0.0332374905702971,0.0042987796207290315,-0.42358083223018583
218,-1.0892631437698024,1.021918589789557,-0.414354228048866,-0.39499961789022253,-0.0332374905702971,0.0042987796207290315,-0.42358083223018583
219,-0.11632631565360128,1.021918589789557,3.795251203370835,0.06594542172613593,-0.0332374905702971,2.9489628198199846,3.1733555736914334
220,0.8566105124625998,-0.5415903756483204,-1.4667555859037913,-0.39499961789022253,-0.98189086726419,0.0042987796207290315,-0.42358083223018583
221,-1.0892631437698024,0.08381321052683066,0.11184645087859663,-0.39499961789022253,0.9154158861235957,0.0042987796207290315,-0.42358083223018583
222,0.8566105124625998,1.9600239690522836,-0.414354228048866,-0.39499961789022253,0.9154158861235957,0.0042987796207290315,-0.42358083223018583
223,-1.0892631437698024,-1.4796957549110468,-0.414354228048866,4.214450778273362,-0.98189086726419,0.0042987796207290315,-0.42358083223018583
224,-0.11632631565360128,-1.1669939618234713,0.6380471298060593,-0.39499961789022253,-0.0332374905702971,2.9489628198199846,-0.42358083223018583
225,-0.6027947297117018,-1.4796957549110468,0.6380471298060593,-0.39499961789022253,-0.0332374905702971,0.0042987796207290315,-0.42358083223018583
226,-0.11632631565360128,-0.8542921687358959,-0.414354228048866,0.06594542172613593,-0.0332374905702971,0.0042987796207290315,1.9743767717175602
227,-0.11632631565360128,-1.1669939618234713,0.11184645087859663,-0.39499961789022253,0.9154158861235957,0.0042987796207290315,-0.42358083223018583
228,-1.0892631437698024,0.08381321052683066,-1.4667555859037913,-0.39499961789022253,-0.98189086726419,0.0042987796207290315,1.9743767717175602
229,0.8566105124625998,1.459701100112163,0.21708658666408914,0.06594542172613593,-0.98189086726419,0.0042987796207290315,-0.42358083223018583
230,-1.0892631437698024,0.39651500361440617,0.11184645087859663,-0.39499961789022253,-0.0332374905702971,0.0042987796207290315,-0.42358083223018583
231,-1.0892631437698024,-0.5415903756483204,-0.3091140922633735,-0.39499961789022253,-0.0332374905702971,0.0042987796207290315,-0.42358083223018583
232,-1.0892631437698024,0.20889392776186086,-0.3091140922633735,-0.39499961789022253,-0.0332374905702971,0.0042987796207290315,-0.42358083223018583
233,-1.0892631437698024,-0.5415903756483204,-0.3091140922633735,-0.39499961789022253,-0.0332374905702971,0.0042987796207290315,-0.42358083223018583
234,-1.0892631437698024,-0.5415903756483204,-0.3091140922633735,-0.39499961789022253,-0.0332374905702971,0.0042987796207290315,-0.42358083223018583
235,-1.0892631437698024,-0.5415903756483204,-0.3091140922633735,-0.39499961789022253,-0.0332374905702971,0.0042987796207290315,-0.42358083223018583
236,-0.11632631565360128,-1.9800186238511677,-0.3091140922633735,-0.39499961789022253,-0.0332374905702971,2.9489628198199846,-0.42358083223018583
237,-0.6027947297117018,-1.9800186238511677,-0.3091140922633735,0.06594542172613593,-0.0332374905702971,2.9489628198199846,-0.42358083223018583
238,-0.6027947297117018,-1.9800186238511677,-0.3091140922633735,-0.39499961789022253,-0.0332374905702971,2.9489628198199846,-0.42358083223018583
239,-0.6027947297117018,-1.9800186238511677,-0.3091140922633735,-0.39499961789022253,-0.0332374905702971,2.9489628198199846,-0.42358083223018583
240,0.8566105124625998,0.39651500361440617,-0.414354228048866,-0.39499961789022253,-0.98189086726419,-2.9403652605785267,-0.42358083223018583
241,-0.6027947297117018,0.08381321052683066,-0.414354228048866,-0.39499961789022253,-0.98189086726419,-2.9403652605785267,-0.42358083223018583
242,-0.6027947297117018,1.021918589789557,0.21708658666408914,0.06594542172613593,-0.98189086726419,0.0042987796207290315,-0.42358083223018583
243,-0.11632631565360128,-1.1669939618234713,-0.9405549069763287,-0.39499961789022253,-0.0332374905702971,0.0042987796207290315,-0.42358083223018583
244,-0.6027947297117018,-1.9800186238511677,-0.3091140922633735,-0.39499961789022253,-0.0332374905702971,2.9489628198199846,-0.42358083223018583
245,-1.0892631437698024,-0.8542921687358959,0.11184645087859663,-0.39499961789022253,0.9154158861235957,0.0042987796207290315,-0.42358083223018583
246,-1.0892631437698024,-1.7923975479986223,0.11184645087859663,-0.39499961789022253,-0.0332374905702971,0.0042987796207290315,-0.42358083223018583
247,-0.11632631565360128,-1.1669939618234713,0.11184645087859663,4.214450778273362,-0.98189086726419,0.0042987796207290315,-0.42358083223018583
248,2.3160157546369016,-1.1669939618234713,0.11184645087859663,-0.39499961789022253,-0.0332374905702971,0.0042987796207290315,-0.42358083223018583
249,-0.11632631565360128,-1.1669939618234713,-0.3091140922633735,0.06594542172613593,-0.98189086726419,-2.9403652605785267,-0.42358083223018583
250,0.37014209840449924,0.08381321052683066,0.11184645087859663,0.06594542172613593,1.8640692628174884,0.0042987796207290315,-0.42358083223018583
251,1.8295473405788008,0.39651500361440617,1.795688623446477,-0.39499961789022253,-0.98189086726419,0.0042987796207290315,-0.42358083223018583
252,2.3160157546369016,-0.22888858256074482,0.11184645087859663,-0.39499961789022253,0.9154158861235957,0.0042987796207290315,-0.42358083223018583
253,0.37014209840449924,-1.1669939618234713,0.11184645087859663,1.9097255801915698,0.9154158861235957,0.0042987796207290315,-0.42358083223018583
254,-0.11632631565360128,0.08381321052683066,0.11184645087859663,4.214450778273362,0.9154158861235957,2.9489628198199846,-0.42358083223018583
255,-1.0892631437698024,0.08381321052683066,0.11184645087859663,-0.39499961789022253,-0.98189086726419,0.0042987796207290315,-0.42358083223018583
256,-1.0892631437698024,-0.5415903756483204,-0.9405549069763287,-0.39499961789022253,1.8640692628174884,0.0042987796207290315,-0.42358083223018583
257,-1.0892631437698024,0.08381321052683066,0.11184645087859663,-0.39499961789022253,0.9154158861235957,0.0042987796207290315,1.9743767717175602
258,0.37014209840449924,1.3346203828771326,0.11184645087859663,1.9097255801915698,1.8640692628174884,0.0042987796207290315,-0.42358083223018583
259,0.8566105124625998,-0.5415903756483204,-1.992956264831254,-0.39499961789022253,1.8640692628174884,0.0042987796207290315,-0.42358083223018583
260,-0.11632631565360128,1.9600239690522836,0.11184645087859663,-0.39499961789022253,0.9154158861235957,0.0042987796207290315,-0.42358083223018583
261,0.37014209840449924,-0.8542921687358959,-0.9405549069763287,1.9097255801915698,-0.98189086726419,0.0042987796207290315,-0.42358083223018583
262,-0.6027947297117018,-0.8542921687358959,-0.9405549069763287,-0.39499961789022253,-0.0332374905702971,0.0042987796207290315,1.9743767717175602
263,0.8566105124625998,-0.8542921687358959,-0.414354228048866,-0.39499961789022253,-0.0332374905702971,0.0042987796207290315,3.1733555736914334
264,-0.11632631565360128,-0.5415903756483204,1.6904484876609847,-0.39499961789022253,-0.0332374905702971,0.0042987796207290315,3.1733555736914334
265,1.3430789265207004,-0.5415903756483204,0.11184645087859663,-0.39499961789022253,-0.0332374905702971,0.0042987796207290315,-0.42358083223018583
266,-0.11632631565360128,0.39651500361440617,-0.3091140922633735,0.06594542172613593,-0.0332374905702971,0.0042987796207290315,-0.42358083223018583
267,-0.11632631565360128,0.7092167967019817,0.11184645087859663,-0.39499961789022253,0.9154158861235957,0.0042987796207290315,-0.42358083223018583
268,0.37014209840449924,0.39651500361440617,0.11184645087859663,1.9097255801915698,1.8640692628174884,0.0042987796207290315,-0.42358083223018583
269,2.3160157546369016,2.585427555227435,1.164247808733522,-0.39499961789022253,-0.98189086726419,0.0042987796207290315,-0.42358083223018583
270,0.8566105124625998,2.272725762139859,0.11184645087859663,-0.39499961789022253,-0.0332374905702971,0.0042987796207290315,3.1733555736914334
271,0.37014209840449924,1.647322175964708,2.2166491665884474,-0.39499961789022253,-0.0332374905702971,0.0042987796207290315,-0.42358083223018583
272,1.3430789265207004,2.585427555227435,3.2690505244433723,-0.39499961789022253,0.9154158861235957,2.9489628198199846,3.1733555736914334
273,-1.0892631437698024,1.021918589789557,0.11184645087859663,-0.39499961789022253,-0.0332374905702971,0.0042987796207290315,-0.42358083223018583
274,-0.11632631565360128,1.021918589789557,-0.3091140922633735,-0.39499961789022253,0.9154158861235957,0.0042987796207290315,-0.42358083223018583
275,0.37014209840449924,0.08381321052683066,0.11184645087859663,-0.39499961789022253,1.8640692628174884,0.0042987796207290315,-0.42358083223018583
276,-1.0892631437698024,0.08381321052683066,-0.3091140922633735,0.06594542172613593,-0.0332374905702971,0.0042987796207290315,-0.42358083223018583
277,1.3430789265207004,-0.5415903756483204,-0.9405549069763287,-0.39499961789022253,-0.0332374905702971,0.0042987796207290315,-0.42358083223018583
278,0.37014209840449924,-0.22888858256074482,0.11184645087859663,-0.39499961789022253,0.9154158861235957,0.0042987796207290315,-0.42358083223018583
279,0.37014209840449924,0.7092167967019817,2.2166491665884474,-0.39499961789022253,-0.98189086726419,0.0042987796207290315,-0.42358083223018583
280,-0.11632631565360128,1.021918589789557,-0.9405549069763287,-0.39499961789022253,0.9154158861235957,0.0042987796207290315,1.9743767717175602
281,-0.6027947297117018,0.39651500361440617,0.6380471298060593,-0.39499961789022253,-0.0332374905702971,0.0042987796207290315,-0.42358083223018583
282,-0.6027947297117018,-1.0419132445884411,-0.9405549069763287,0.06594542172613593,-0.0332374905702971,0.0042987796207290315,-0.42358083223018583
283,-0.6027947297117018,-0.5415903756483204,-0.414354228048866,-0.39499961789022253,-0.98189086726419,-2.9403652605785267,-0.42358083223018583
284,-0.4082073640884616,0.7092167967019817,0.11184645087859663,0.06594542172613593,-0.0332374905702971,0.0042987796207290315,0.7753979697436871
285,-1.0892631437698024,1.021918589789557,-0.3091140922633735,0.06594542172613593,-0.0332374905702971,0.0042987796207290315,-0.42358083223018583
286,-1.0892631437698024,0.7092167967019817,-1.4667555859037913,1.9097255801915698,0.9154158861235957,0.0042987796207290315,-0.42358083223018583
287,2.3160157546369016,1.3346203828771326,1.164247808733522,0.06594542172613593,-0.98189086726419,0.0042987796207290315,-0.42358083223018583
288,0.37014209840449924,-0.22888858256074482,0.11184645087859663,-0.39499961789022253,-0.98189086726419,0.0042987796207290315,1.9743767717175602
289,0.37014209840449924,-0.5415903756483204,0.11184645087859663,-0.39499961789022253,-0.98189086726419,0.0042987796207290315,-0.42358083223018583
290,-1.0892631437698024,-0.5415903756483204,-0.3091140922633735,-0.39499961789022253,-0.0332374905702971,0.0042987796207290315,-0.42358083223018583
291,-0.6027947297117018,-1.0419132445884411,-0.9405549069763287,0.06594542172613593,-0.0332374905702971,0.0042987796207290315,-0.42358083223018583
292,-0.11632631565360128,-0.8542921687358959,-0.9405549069763287,4.214450778273362,-0.0332374905702971,0.0042987796207290315,-0.42358083223018583
293,0.8566105124625998,1.021918589789557,1.795688623446477,-0.39499961789022253,1.8640692628174884,0.0042987796207290315,1.9743767717175602
294,-1.0892631437698024,-0.8542921687358959,-0.9405549069763287,-0.39499961789022253,-0.98189086726419,0.0042987796207290315,-0.42358083223018583
295,-1.5757315578279028,0.20889392776186086,-0.414354228048866,1.9097255801915698,-0.98189086726419,0.0042987796207290315,-0.42358083223018583
296,0.37014209840449924,-0.8542921687358959,0.11184645087859663,0.06594542172613593,1.8640692628174884,0.0042987796207290315,-0.42358083223018583
297,0.8566105124625998,-1.4796957549110468,-0.8353147711908362,0.06594542172613593,-0.0332374905702971,0.0042987796207290315,-0.42358083223018583
298,-0.6027947297117018,-0.8542921687358959,-0.414354228048866,-0.39499961789022253,-0.98189086726419,-2.9403652605785267,-0.42358083223018583
299,-1.0892631437698024,-0.5415903756483204,0.11184645087859663,0.06594542172613593,1.8640692628174884,0.0042987796207290315,-0.42358083223018583
300,0.37014209840449924,1.3346203828771326,0.11184645087859663,-0.39499961789022253,-0.0332374905702971,2.9489628198199846,1.9743767717175602
301,-0.11632631565360128,0.08381321052683066,0.6380471298060593,-0.39499961789022253,-0.0332374905702971,0.0042987796207290315,0.7753979697436871
302,-1.0892631437698024,-1.0419132445884411,-0.9405549069763287,-0.39499961789022253,-0.98189086726419,0.0042987796207290315,-0.42358083223018583
303,1.8295473405788008,-0.5415903756483204,-0.9405549069763287,-0.39499961789022253,-0.98189086726419,0.0042987796207290315,-0.42358083223018583
304,-0.6027947297117018,-0.8542921687358959,-0.414354228048866,-0.39499961789022253,-0.98189086726419,0.0042987796207290315,-0.42358083223018583
305,-1.0892631437698024,-1.7923975479986223,-0.414354228048866,-0.39499961789022253,1.8640692628174884,0.0042987796207290315,-0.42358083223018583
306,-0.6027947297117018,-0.8542921687358959,-0.3091140922633735,4.214450778273362,-0.0332374905702971,2.9489628198199846,1.9743767717175602
307,-1.0892631437698024,-0.8542921687358959,2.2166491665884474,0.06594542172613593,-0.0332374905702971,0.0042987796207290315,-0.42358083223018583
308,-0.6027947297117018,0.08381321052683066,0.6380471298060593,-0.39499961789022253,-0.98189086726419,0.0042987796207290315,-0.42358083223018583
309,-0.11632631565360128,0.39651500361440617,0.6380471298060593,-0.39499961789022253,-0.0332374905702971,0.0042987796207290315,-0.42358083223018583
310,-1.0892631437698024,0.08381321052683066,-0.3091140922633735,-0.39499961789022253,-0.0332374905702971,0.0042987796207290315,-0.42358083223018583
311,-0.6027947297117018,-0.5415903756483204,0.11184645087859663,-0.39499961789022253,1.8640692628174884,0.0042987796207290315,-0.42358083223018583
312,-0.11632631565360128,-0.8542921687358959,0.11184645087859663,-0.39499961789022253,1.8640692628174884,0.0042987796207290315,-0.42358083223018583
313,-0.11632631565360128,0.08381321052683066,0.11184645087859663,-0.39499961789022253,-0.0332374905702971,0.0042987796207290315,-0.42358083223018583
314,-1.0892631437698024,0.08381321052683066,0.11184645087859663,-0.39499961789022253,-0.0332374905702971,0.0042987796207290315,-0.42358083223018583
315,-1.0892631437698024,-0.8542921687358959,-0.9405549069763287,-0.39499961789022253,-0.0332374905702971,0.0042987796207290315,-0.42358083223018583
316,-0.11632631565360128,0.39651500361440617,-0.3091140922633735,-0.39499961789022253,1.8640692628174884,0.0042987796207290315,-0.42358083223018583
317,-0.6027947297117018,-0.5415903756483204,-1.8877161290457614,4.214450778273362,0.9154158861235957,2.9489628198199846,-0.42358083223018583
318,0.37014209840449924,-0.5415903756483204,0.21708658666408914,0.06594542172613593,-0.0332374905702971,-2.9403652605785267,-0.42358083223018583
319,1.8295473405788008,1.9600239690522836,2.2166491665884474,-0.39499961789022253,-0.0332374905702971,0.0042987796207290315,-0.42358083223018583
320,-1.0892631437698024,-0.8542921687358959,-0.9405549069763287,-0.39499961789022253,-0.98189086726419,0.0042987796207290315,-0.42358083223018583
321,1.3430789265207004,0.39651500361440617,0.7432872655915518,-0.39499961789022253,-0.0332374905702971,0.0042987796207290315,-0.42358083223018583
322,2.3160157546369016,-0.22888858256074482,2.2166491665884474,-0.39499961789022253,-0.0332374905702971,0.0042987796207290315,-0.42358083223018583
323,1.3430789265207004,-0.5415903756483204,-0.414354228048866,-0.39499961789022253,-0.98189086726419,0.0042987796207290315,-0.42358083223018583
324,2.3160157546369016,-0.5415903756483204,-0.9405549069763287,-0.39499961789022253,-0.98189086726419,2.9489628198199846,-0.42358083223018583
325,0.8566105124625998,1.459701100112163,1.795688623446477,0.06594542172613593,-0.98189086726419,0.0042987796207290315,-0.42358083223018583
326,2.3160157546369016,0.08381321052683066,0.11184645087859663,-0.39499961789022253,-0.98189086726419,0.0042987796207290315,-0.42358083223018583
327,1.3430789265207004,2.89812934831501,3.795251203370835,-0.39499961789022253,-0.98189086726419,0.0042987796207290315,-0.42358083223018583
328,2.3160157546369016,1.021918589789557,0.11184645087859663,-0.39499961789022253,-0.0332374905702971,0.0042987796207290315,-0.42358083223018583
329,-0.11632631565360128,-0.10380786532571463,-0.9405549069763287,-0.39499961789022253,-0.0332374905702971,0.0042987796207290315,-0.42358083223018583
330,0.8566105124625998,1.3346203828771326,2.2166491665884474,-0.39499961789022253,-0.0332374905702971,0.0042987796207290315,-0.42358083223018583
331,-0.6027947297117018,-0.5415903756483204,0.11184645087859663,-0.39499961789022253,-0.98189086726419,0.0042987796207290315,0.7753979697436871
332,-0.11632631565360128,-0.8542921687358959,-0.3091140922633735,1.9097255801915698,-0.0332374905702971,0.0042987796207290315,-0.42358083223018583
333,-1.0892631437698024,0.08381321052683066,1.6904484876609847,-0.39499961789022253,0.9154158861235957,-2.9403652605785267,-0.42358083223018583
334,0.37014209840449924,0.7092167967019817,-0.3091140922633735,0.06594542172613593,1.8640692628174884,0.0042987796207290315,3.1733555736914334
335,-1.0892631437698024,-0.5415903756483204,0.11184645087859663,-0.39499961789022253,0.9154158861235957,0.0042987796207290315,-0.42358083223018583
336,-1.0892631437698024,-0.8542921687358959,0.11184645087859663,-0.39499961789022253,0.9154158861235957,0.0042987796207290315,-0.42358083223018583
337,-0.11632631565360128,-1.7923975479986223,0.11184645087859663,-0.39499961789022253,-0.98189086726419,2.9489628198199846,-0.42358083223018583
338,-1.0892631437698024,-1.7923975479986223,0.11184645087859663,0.06594542172613593,-0.98189086726419,0.0042987796207290315,-0.42358083223018583
339,1.3430789265207004,-0.22888858256074482,-0.9405549069763287,-0.39499961789022253,-0.0332374905702971,0.0042987796207290315,-0.42358083223018583
340,-0.11632631565360128,-0.5415903756483204,-0.9405549069763287,-0.39499961789022253,-0.98189086726419,0.0042987796207290315,-0.42358083223018583
341,-1.0892631437698024,-0.8542921687358959,-0.414354228048866,-0.39499961789022253,-0.98189086726419,0.0042987796207290315,-0.42358083223018583
342,-0.6027947297117018,-1.1669939618234713,0.11184645087859663,-0.39499961789022253,-0.0332374905702971,0.0042987796207290315,-0.42358083223018583
343,0.8566105124625998,1.459701100112163,0.21708658666408914,0.06594542172613593,-0.98189086726419,0.0042987796207290315,-0.42358083223018583
344,-1.5757315578279028,-0.8542921687358959,1.164247808733522,-0.39499961789022253,-0.98189086726419,0.0042987796207290315,-0.42358083223018583
345,0.37014209840449924,-0.8542921687358959,0.11184645087859663,-0.39499961789022253,-0.98189086726419,0.0042987796207290315,-0.42358083223018583
346,-0.11632631565360128,1.647322175964708,0.6380471298060593,-0.39499961789022253,1.8640692628174884,0.0042987796207290315,3.1733555736914334
347,-1.0892631437698024,0.08381321052683066,-0.414354228048866,0.06594542172613593,-0.0332374905702971,0.0042987796207290315,-0.42358083223018583
348,-0.11632631565360128,0.7092167967019817,0.11184645087859663,-0.39499961789022253,-0.0332374905702971,0.0042987796207290315,3.1733555736914334
349,-0.4082073640884616,-0.22888858256074482,0.11184645087859663,-0.39499961789022253,-0.0332374905702971,0.0042987796207290315,1.9743767717175602
350,1.3430789265207004,0.08381321052683066,1.164247808733522,-0.39499961789022253,-0.98189086726419,0.0042987796207290315,-0.42358083223018583
351,0.37014209840449924,0.08381321052683066,0.11184645087859663,0.06594542172613593,0.9154158861235957,0.0042987796207290315,-0.42358083223018583
352,-0.6027947297117018,-0.5415903756483204,0.11184645087859663,0.06594542172613593,-0.0332374905702971,0.0042987796207290315,-0.42358083223018583
353,2.3160157546369016,1.9600239690522836,0.11184645087859663,-0.39499961789022253,-0.0332374905702971,0.0042987796207290315,-0.42358083223018583
354,-1.0892631437698024,-0.22888858256074482,0.11184645087859663,0.06594542172613593,-0.0332374905702971,0.0042987796207290315,-0.42358083223018583
355,1.3430789265207004,1.3346203828771326,0.11184645087859663,-0.39499961789022253,-0.0332374905702971,0.0042987796207290315,-0.42358083223018583
356,1.3430789265207004,0.39651500361440617,0.11184645087859663,-0.39499961789022253,-0.0332374905702971,2.9489628198199846,-0.42358083223018583
357,-0.11632631565360128,1.021918589789557,0.11184645087859663,-0.39499961789022253,-0.0332374905702971,0.0042987796207290315,-0.42358083223018583
358,-1.0892631437698024,-1.1669939618234713,-0.9405549069763287,0.06594542172613593,-0.0332374905702971,0.0042987796207290315,-0.42358083223018583
359,0.37014209840449924,1.3346203828771326,0.11184645087859663,-0.39499961789022253,-0.0332374905702971,0.0042987796207290315,-0.42358083223018583
360,0.37014209840449924,1.3346203828771326,2.2166491665884474,0.06594542172613593,-0.98189086726419,0.0042987796207290315,-0.42358083223018583
361,1.8295473405788008,0.08381321052683066,-0.3091140922633735,-0.39499961789022253,-0.0332374905702971,2.9489628198199846,-0.42358083223018583
362,-1.0892631437698024,-1.1669939618234713,-0.9405549069763287,0.06594542172613593,-0.0332374905702971,0.0042987796207290315,-0.42358083223018583
363,0.37014209840449924,0.39651500361440617,0.11184645087859663,-0.39499961789022253,-0.98189086726419,0.0042987796207290315,-0.42358083223018583
364,-0.11632631565360128,1.021918589789557,0.11184645087859663,-0.39499961789022253,-0.0332374905702971,0.0042987796207290315,-0.42358083223018583
365,-0.11632631565360128,1.021918589789557,0.6380471298060593,-0.39499961789022253,1.8640692628174884,0.0042987796207290315,-0.42358083223018583
366,0.37014209840449924,0.39651500361440617,-0.9405549069763287,-0.39499961789022253,1.8640692628174884,0.0042987796207290315,3.1733555736914334
367,-1.5757315578279028,-1.7923975479986223,0.21708658666408914,0.06594542172613593,-0.0332374905702971,0.0042987796207290315,-0.42358083223018583
368,-0.6027947297117018,0.08381321052683066,0.11184645087859663,0.06594542172613593,-0.98189086726419,0.0042987796207290315,-0.42358083223018583
369,0.37014209840449924,0.7092167967019817,2.2166491665884474,-0.39499961789022253,-0.0332374905702971,0.0042987796207290315,-0.42358083223018583
370,-0.11632631565360128,0.08381321052683066,1.6904484876609847,-0.39499961789022253,-0.0332374905702971,0.0042987796207290315,-0.42358083223018583
371,-0.6027947297117018,-0.8542921687358959,-0.9405549069763287,-0.39499961789022253,-0.0332374905702971,0.0042987796207290315,-0.42358083223018583
372,-0.11632631565360128,1.021918589789557,2.8480899813014022,1.9097255801915698,-0.98189086726419,2.9489628198199846,1.9743767717175602
373,-0.11632631565360128,-0.8542921687358959,0.11184645087859663,0.06594542172613593,-0.98189086726419,0.0042987796207290315,-0.42358083223018583
374,1.8295473405788008,1.021918589789557,0.7432872655915518,-0.39499961789022253,-0.98189086726419,0.0042987796207290315,-0.42358083223018583
375,-1.0892631437698024,0.7092167967019817,3.795251203370835,1.9097255801915698,0.9154158861235957,0.0042987796207290315,-0.42358083223018583
376,0.8566105124625998,0.7092167967019817,-0.9405549069763287,-0.39499961789022253,1.8640692628174884,0.0042987796207290315,1.9743767717175602
377,0.37014209840449924,0.08381321052683066,-0.414354228048866,-0.39499961789022253,-0.0332374905702971,0.0042987796207290315,-0.42358083223018583
378,-0.6027947297117018,-1.1669939618234713,0.11184645087859663,1.9097255801915698,-0.0332374905702971,0.0042987796207290315,-0.42358083223018583
379,-1.0892631437698024,0.08381321052683066,0.11184645087859663,-0.39499961789022253,0.9154158861235957,0.0042987796207290315,-0.42358083223018583
380,-0.11632631565360128,0.08381321052683066,0.11184645087859663,-0.39499961789022253,-0.98189086726419,0.0042987796207290315,-0.42358083223018583
381,-1.0892631437698024,-0.22888858256074482,0.11184645087859663,-0.39499961789022253,1.8640692628174884,0.0042987796207290315,-0.42358083223018583
382,-1.0892631437698024,0.08381321052683066,-0.3091140922633735,-0.39499961789022253,-0.0332374905702971,0.0042987796207290315,1.9743767717175602
383,1.8295473405788008,0.39651500361440617,0.11184645087859663,-0.39499961789022253,-0.0332374905702971,0.0042987796207290315,-0.42358083223018583
384,-0.11632631565360128,0.08381321052683066,1.164247808733522,-0.39499961789022253,-0.0332374905702971,0.0042987796207290315,0.7753979697436871
385,1.3430789265207004,1.9600239690522836,1.795688623446477,-0.39499961789022253,-0.0332374905702971,0.0042987796207290315,-0.42358083223018583
386,-0.11632631565360128,-1.7923975479986223,0.11184645087859663,-0.39499961789022253,-0.98189086726419,0.0042987796207290315,-0.42358083223018583
387,-1.5757315578279028,0.39651500361440617,0.11184645087859663,4.214450778273362,-0.0332374905702971,0.0042987796207290315,-0.42358083223018583
388,-0.11632631565360128,0.39651500361440617,0.11184645087859663,-0.39499961789022253,-0.98189086726419,0.0042987796207290315,1.9743767717175602
389,-0.11632631565360128,0.39651500361440617,-0.9405549069763287,1.9097255801915698,-0.98189086726419,0.0042987796207290315,1.9743767717175602
390,-1.0892631437698024,0.08381321052683066,0.11184645087859663,-0.39499961789022253,0.9154158861235957,0.0042987796207290315,-0.42358083223018583
391,-0.11632631565360128,-0.5415903756483204,-0.9405549069763287,-0.39499961789022253,-0.0332374905702971,0.0042987796207290315,-0.42358083223018583
392,0.37014209840449924,-1.1669939618234713,-0.9405549069763287,-0.39499961789022253,-0.98189086726419,0.0042987796207290315,-0.42358083223018583
393,-1.0892631437698024,-1.1669939618234713,-0.9405549069763287,-0.39499961789022253,-0.98189086726419,-2.9403652605785267,-0.42358083223018583
394,-1.0892631437698024,-0.8542921687358959,-0.9405549069763287,-0.39499961789022253,-0.98189086726419,0.0042987796207290315,-0.42358083223018583
395,-0.11632631565360128,-1.1669939618234713,-0.9405549069763287,-0.39499961789022253,-0.98189086726419,-2.9403652605785267,-0.42358083223018583
396,1.3430789265207004,-1.1669939618234713,1.164247808733522,-0.39499961789022253,-0.98189086726419,0.0042987796207290315,-0.42358083223018583
397,2.3160157546369016,-0.8542921687358959,1.164247808733522,-0.39499961789022253,-0.98189086726419,0.0042987796207290315,-0.42358083223018583
398,-0.11632631565360128,-2.105099341086198,-0.9405549069763287,-0.39499961789022253,1.8640692628174884,0.0042987796207290315,1.9743767717175602
399,2.3160157546369016,-0.5415903756483204,-1.4667555859037913,-0.39499961789022253,1.8640692628174884,0.0042987796207290315,-0.42358083223018583
400,-1.0892631437698024,-1.0419132445884411,0.11184645087859663,-0.39499961789022253,-0.98189086726419,0.0042987796207290315,-0.42358083223018583
401,2.3160157546369016,-0.8542921687358959,-0.9405549069763287,-0.39499961789022253,-0.98189086726419,0.0042987796207290315,-0.42358083223018583
402,-0.11632631565360128,1.021918589789557,0.11184645087859663,0.06594542172613593,-0.0332374905702971,0.0042987796207290315,-0.42358083223018583
403,-2.0621999718860033,-1.7923975479986223,-0.9405549069763287,-0.39499961789022253,1.8640692628174884,0.0042987796207290315,-0.42358083223018583
404,-2.0621999718860033,-0.5415903756483204,-0.3091140922633735,0.06594542172613593,-0.98189086726419,0.0042987796207290315,-0.42358083223018583
405,0.8566105124625998,-0.5415903756483204,0.11184645087859663,-0.39499961789022253,-0.0332374905702971,0.0042987796207290315,-0.42358083223018583
406,-1.0892631437698024,0.20889392776186086,0.11184645087859663,0.06594542172613593,1.8640692628174884,0.0042987796207290315,3.1733555736914334
407,-1.0892631437698024,-0.8542921687358959,-0.9405549069763287,-0.39499961789022253,-0.98189086726419,0.0042987796207290315,0.7753979697436871
408,0.37014209840449924,-1.7923975479986223,0.11184645087859663,-0.39499961789022253,-0.0332374905702971,0.0042987796207290315,-0.42358083223018583
409,0.37014209840449924,0.39651500361440617,0.11184645087859663,-0.39499961789022253,-0.0332374905702971,0.0042987796207290315,-0.42358083223018583
410,1.8295473405788008,-0.5415903756483204,2.2166491665884474,-0.39499961789022253,0.9154158861235957,0.0042987796207290315,1.9743767717175602
411,1.8295473405788008,-0.22888858256074482,-0.414354228048866,-0.39499961789022253,0.9154158861235957,0.0042987796207290315,3.1733555736914334
412,1.8295473405788008,-0.5415903756483204,-0.9405549069763287,-0.39499961789022253,-0.98189086726419,0.0042987796207290315,-0.42358083223018583
413,-0.11632631565360128,-0.5415903756483204,-0.414354228048866,-0.39499961789022253,-0.98189086726419,2.9489628198199846,1.9743767717175602
414,1.5376662921439406,-0.22888858256074482,2.2166491665884474,-0.39499961789022253,-0.0332374905702971,0.0042987796207290315,-0.42358083223018583
415,1.3430789265207004,-0.5415903756483204,-0.414354228048866,-0.39499961789022253,-0.0332374905702971,0.0042987796207290315,-0.42358083223018583
416,0.8566105124625998,1.9600239690522836,0.11184645087859663,-0.39499961789022253,-0.0332374905702971,0.0042987796207290315,1.9743767717175602
417,1.3430789265207004,0.39651500361440617,0.11184645087859663,-0.39499961789022253,-0.98189086726419,0.0042987796207290315,1.9743767717175602
418,0.8566105124625998,-1.0419132445884411,-0.9405549069763287,-0.39499961789022253,-0.98189086726419,0.0042987796207290315,-0.42358083223018583
419,0.8566105124625998,-1.1669939618234713,-0.9405549069763287,-0.39499961789022253,-0.98189086726419,0.0042987796207290315,-0.42358083223018583
420,0.37014209840449924,0.08381321052683066,0.7432872655915518,-0.39499961789022253,-0.98189086726419,0.0042987796207290315,-0.42358083223018583
421,-0.6027947297117018,-1.1669939618234713,0.11184645087859663,-0.39499961789022253,-0.98189086726419,0.0042987796207290315,-0.42358083223018583
422,0.37014209840449924,1.021918589789557,0.11184645087859663,1.9097255801915698,-0.98189086726419,0.0042987796207290315,-0.42358083223018583
423,-0.11632631565360128,0.08381321052683066,-0.9405549069763287,0.06594542172613593,-0.98189086726419,-2.9403652605785267,-0.42358083223018583
424,-0.11632631565360128,-0.8542921687358959,-0.414354228048866,1.9097255801915698,-0.98189086726419,0.0042987796207290315,-0.42358083223018583
425,-0.11632631565360128,-0.8542921687358959,-0.414354228048866,1.9097255801915698,-0.98189086726419,0.0042987796207290315,-0.42358083223018583
426,-0.6027947297117018,0.08381321052683066,0.11184645087859663,0.06594542172613593,-0.98189086726419,0.0042987796207290315,-0.42358083223018583
427,-0.11632631565360128,-0.5415903756483204,-0.3091140922633735,-0.39499961789022253,1.8640692628174884,0.0042987796207290315,-0.42358083223018583
428,-0.11632631565360128,0.39651500361440617,0.11184645087859663,-0.39499961789022253,-0.0332374905702971,0.0042987796207290315,-0.42358083223018583
429,-0.11632631565360128,-0.22888858256074482,2.74284984551591,-0.39499961789022253,-0.0332374905702971,0.0042987796207290315,-0.42358083223018583
430,1.3430789265207004,0.08381321052683066,0.11184645087859663,-0.39499961789022253,0.9154158861235957,0.0042987796207290315,-0.42358083223018583
431,-0.11632631565360128,-0.8542921687358959,-0.9405549069763287,-0.39499961789022253,-0.98189086726419,0.0042987796207290315,-0.42358083223018583
432,-0.11632631565360128,-0.5415903756483204,-0.9405549069763287,-0.39499961789022253,-0.98189086726419,0.0042987796207290315,-0.42358083223018583
433,-1.0892631437698024,-2.105099341086198,0.11184645087859663,0.06594542172613593,-0.0332374905702971,0.0042987796207290315,0.7753979697436871
434,-0.11632631565360128,1.021918589789557,-0.3091140922633735,0.06594542172613593,1.8640692628174884,0.0042987796207290315,3.1733555736914334
435,0.37014209840449924,0.7092167967019817,3.2690505244433723,-0.39499961789022253,1.8640692628174884,0.0042987796207290315,-0.42358083223018583
436,2.3160157546369016,-0.22888858256074482,0.11184645087859663,-0.39499961789022253,-0.0332374905702971,0.0042987796207290315,-0.42358083223018583
437,1.8295473405788008,2.585427555227435,0.11184645087859663,0.06594542172613593,-0.0332374905702971,0.0042987796207290315,3.1733555736914334
438,-1.0892631437698024,-0.8542921687358959,1.164247808733522,-0.39499961789022253,-0.98189086726419,0.0042987796207290315,0.7753979697436871
439,-0.11632631565360128,0.08381321052683066,-0.414354228048866,-0.39499961789022253,1.8640692628174884,0.0042987796207290315,-0.42358083223018583
440,-0.11632631565360128,1.021918589789557,0.11184645087859663,-0.39499961789022253,-0.0332374905702971,0.0042987796207290315,-0.42358083223018583
441,1.8295473405788008,1.647322175964708,-0.3091140922633735,-0.39499961789022253,-0.0332374905702971,0.0042987796207290315,3.1733555736914334
442,-0.4082073640884616,-0.8542921687358959,-0.9405549069763287,-0.39499961789022253,-0.98189086726419,0.0042987796207290315,-0.42358083223018583
443,0.37014209840449924,0.7092167967019817,-0.414354228048866,-0.39499961789022253,1.8640692628174884,0.0042987796207290315,-0.42358083223018583
444,0.8566105124625998,0.08381321052683066,-0.414354228048866,-0.39499961789022253,-0.0332374905702971,0.0042987796207290315,-0.42358083223018583
445,2.3160157546369016,1.9600239690522836,0.11184645087859663,-0.39499961789022253,0.9154158861235957,0.0042987796207290315,1.9743767717175602
446,-0.11632631565360128,0.08381321052683066,0.11184645087859663,0.06594542172613593,-0.98189086726419,0.0042987796207290315,-0.42358083223018583
447,-1.5757315578279028,-0.5415903756483204,0.11184645087859663,-0.39499961789022253,-0.0332374905702971,0.0042987796207290315,-0.42358083223018583
448,1.3430789265207004,0.39651500361440617,-0.3091140922633735,-0.39499961789022253,-0.0332374905702971,0.0042987796207290315,1.9743767717175602
449,0.37014209840449924,0.08381321052683066,0.11184645087859663,-0.39499961789022253,-0.98189086726419,0.0042987796207290315,-0.42358083223018583
450,-0.11632631565360128,0.08381321052683066,-0.9405549069763287,-0.39499961789022253,1.8640692628174884,0.0042987796207290315,-0.42358083223018583
451,0.8566105124625998,-1.1669939618234713,0.11184645087859663,-0.39499961789022253,-0.0332374905702971,0.0042987796207290315,-0.42358083223018583
452,-0.6027947297117018,0.20889392776186086,2.2166491665884474,-0.39499961789022253,-0.98189086726419,0.0042987796207290315,-0.42358083223018583
453,-1.0892631437698024,-1.1669939618234713,-0.9405549069763287,-0.39499961789022253,-0.98189086726419,0.0042987796207290315,-0.42358083223018583
454,0.8566105124625998,0.39651500361440617,-0.9405549069763287,1.9097255801915698,-0.98189086726419,0.0042987796207290315,-0.42358083223018583
455,0.8566105124625998,-0.8542921687358959,0.11184645087859663,-0.39499961789022253,-0.0332374905702971,0.0042987796207290315,-0.42358083223018583
456,0.37014209840449924,0.08381321052683066,0.11184645087859663,-0.39499961789022253,-0.98189086726419,0.0042987796207290315,-0.42358083223018583
457,-0.6027947297117018,-0.8542921687358959,-0.414354228048866,-0.39499961789022253,-0.98189086726419,0.0042987796207290315,-0.42358083223018583
458,0.37014209840449924,-1.1669939618234713,-0.9405549069763287,-0.39499961789022253,-0.98189086726419,0.0042987796207290315,-0.42358083223018583
459,-0.11632631565360128,1.3346203828771326,-0.9405549069763287,-0.39499961789022253,0.9154158861235957,0.0042987796207290315,1.9743767717175602
460,-1.0892631437698024,0.08381321052683066,-0.9405549069763287,-0.39499961789022253,-0.0332374905702971,0.0042987796207290315,0.7753979697436871
461,-1.0892631437698024,1.021918589789557,-0.8353147711908362,-0.39499961789022253,-0.98189086726419,0.0042987796207290315,-0.42358083223018583
462,-0.6027947297117018,-0.8542921687358959,-1.992956264831254,-0.39499961789022253,-0.0332374905702971,2.9489628198199846,-0.42358083223018583
463,0.37014209840449924,0.39651500361440617,-0.9405549069763287,-0.39499961789022253,-0.98189086726419,-2.9403652605785267,-0.42358083223018583
464,1.3430789265207004,-0.8542921687358959,-0.414354228048866,-0.39499961789022253,-0.98189086726419,0.0042987796207290315,0.7753979697436871
465,-0.6027947297117018,0.08381321052683066,0.11184645087859663,-0.39499961789022253,-0.98189086726419,2.9489628198199846,-0.42358083223018583
466,-0.6027947297117018,-1.1669939618234713,-1.4667555859037913,-0.39499961789022253,-0.98189086726419,0.0042987796207290315,0.7753979697436871
467,0.37014209840449924,-0.22888858256074482,-1.4667555859037913,-0.39499961789022253,-0.0332374905702971,0.0042987796207290315,-0.42358083223018583
468,0.37014209840449924,0.39651500361440617,0.11184645087859663,-0.39499961789022253,-0.0332374905702971,0.0042987796207290315,-0.42358083223018583
469,-0.11632631565360128,-0.8542921687358959,-1.4667555859037913,-0.39499961789022253,1.8640692628174884,-2.9403652605785267,-0.42358083223018583
470,-0.6027947297117018,-0.8542921687358959,-0.8353147711908362,-0.39499961789022253,1.8640692628174884,-2.9403652605785267,0.7753979697436871
471,-0.6027947297117018,0.39651500361440617,-0.9405549069763287,-0.39499961789022253,-0.0332374905702971,0.0042987796207290315,1.9743767717175602
472,-0.11632631565360128,-0.22888858256074482,-1.992956264831254,-0.39499961789022253,-0.0332374905702971,0.0042987796207290315,-0.42358083223018583
473,-0.11632631565360128,0.39651500361440617,0.11184645087859663,-0.39499961789022253,-0.0332374905702971,0.0042987796207290315,-0.42358083223018583
474,-0.6027947297117018,-0.8542921687358959,0.7432872655915518,0.06594542172613593,1.8640692628174884,0.0042987796207290315,-0.42358083223018583
475,-0.11632631565360128,0.7092167967019817,-0.9405549069763287,-0.39499961789022253,-0.0332374905702971,0.0042987796207290315,-0.42358083223018583
476,0.8566105124625998,-1.4796957549110468,-1.4667555859037913,-0.39499961789022253,-0.98189086726419,0.0042987796207290315,-0.42358083223018583
477,0.8566105124625998,-0.8542921687358959,-0.9405549069763287,-0.39499961789022253,-0.98189086726419,0.0042987796207290315,-0.42358083223018583
478,-0.11632631565360128,-1.1669939618234713,-0.9405549069763287,-0.39499961789022253,-0.98189086726419,0.0042987796207290315,-0.42358083223018583
479,0.37014209840449924,1.021918589789557,1.164247808733522,-0.39499961789022253,-0.98189086726419,0.0042987796207290315,-0.42358083223018583
480,-1.0892631437698024,-1.1669939618234713,-0.414354228048866,1.9097255801915698,-0.98189086726419,0.0042987796207290315,-0.42358083223018583
481,-0.11632631565360128,1.3346203828771326,0.11184645087859663,-0.39499961789022253,1.8640692628174884,0.0042987796207290315,-0.42358083223018583
482,-0.6027947297117018,0.08381321052683066,-1.4667555859037913,-0.39499961789022253,1.8640692628174884,0.0042987796207290315,-0.42358083223018583
483,-1.0892631437698024,0.08381321052683066,-1.4667555859037913,-0.39499961789022253,1.8640692628174884,0.0042987796207290315,-0.42358083223018583
484,-2.0621999718860033,1.3346203828771326,0.7432872655915518,0.06594542172613593,1.8640692628174884,0.0042987796207290315,1.9743767717175602
485,-0.11632631565360128,1.021918589789557,0.11184645087859663,-0.39499961789022253,-0.0332374905702971,0.0042987796207290315,-0.42358083223018583
486,1.3430789265207004,0.39651500361440617,-0.414354228048866,-0.39499961789022253,-0.98189086726419,0.0042987796207290315,-0.42358083223018583
487,-1.5757315578279028,-1.7923975479986223,-1.8877161290457614,-0.39499961789022253,-0.98189086726419,0.0042987796207290315,-0.42358083223018583
488,-2.548668385944104,-2.4178011341737733,-0.3091140922633735,4.214450778273362,-0.0332374905702971,0.0042987796207290315,-0.42358083223018583
489,-1.5757315578279028,-1.7923975479986223,0.11184645087859663,4.214450778273362,-0.0332374905702971,0.0042987796207290315,-0.42358083223018583
490,-0.11632631565360128,-0.7292114515008656,1.164247808733522,-0.39499961789022253,-0.98189086726419,0.0042987796207290315,-0.42358083223018583
491,-0.11632631565360128,0.39651500361440617,-0.3091140922633735,4.214450778273362,-0.0332374905702971,0.0042987796207290315,-0.42358083223018583
492,0.37014209840449924,1.647322175964708,3.2690505244433723,-0.39499961789022253,-0.0332374905702971,0.0042987796207290315,3.1733555736914334
493,0.8566105124625998,0.7092167967019817,0.6380471298060593,-0.39499961789022253,0.9154158861235957,0.0042987796207290315,-0.42358083223018583
494,-2.0621999718860033,-1.7923975479986223,0.11184645087859663,0.06594542172613593,-0.98189086726419,0.0042987796207290315,-0.42358083223018583
495,-1.0892631437698024,-0.8542921687358959,0.11184645087859663,0.06594542172613593,-0.98189086726419,0.0042987796207290315,-0.42358083223018583
496,-1.0892631437698024,-0.8542921687358959,0.11184645087859663,-0.39499961789022253,-0.98189086726419,0.0042987796207290315,-0.42358083223018583
497,0.8566105124625998,-0.8542921687358959,0.11184645087859663,0.06594542172613593,-0.98189086726419,0.0042987796207290315,-0.42358083223018583
498,-0.6027947297117018,0.8342975139370119,-0.3091140922633735,0.06594542172613593,-0.98189086726419,0.0042987796207290315,-0.42358083223018583
499,-0.6027947297117018,-1.0419132445884411,0.11184645087859663,-0.39499961789022253,-0.98189086726419,0.0042987796207290315,-0.42358083223018583
500,-1.0892631437698024,-1.7923975479986223,1.6904484876609847,-0.39499961789022253,1.8640692628174884,0.0042987796207290315,-0.42358083223018583
501,1.8295473405788008,0.08381321052683066,0.11184645087859663,-0.39499961789022253,-0.98189086726419,0.0042987796207290315,-0.42358083223018583
502,-1.0892631437698024,0.08381321052683066,-0.414354228048866,0.06594542172613593,1.8640692628174884,0.0042987796207290315,-0.42358083223018583
503,-0.11632631565360128,1.3346203828771326,0.11184645087859663,0.06594542172613593,-0.0332374905702971,0.0042987796207290315,3.1733555736914334
504,2.3160157546369016,0.08381321052683066,0.11184645087859663,-0.39499961789022253,0.9154158861235957,0.0042987796207290315,-0.42358083223018583
505,-2.0621999718860033,-1.7923975479986223,0.11184645087859663,1.9097255801915698,-0.0332374905702971,2.9489628198199846,-0.42358083223018583
506,-0.11632631565360128,0.08381321052683066,-0.414354228048866,0.06594542172613593,-0.98189086726419,0.0042987796207290315,-0.42358083223018583
507,2.3160157546369016,1.021918589789557,0.11184645087859663,-0.39499961789022253,-0.0332374905702971,0.0042987796207290315,3.1733555736914334
508,1.3430789265207004,-0.8542921687358959,-0.9405549069763287,-0.39499961789022253,-0.98189086726419,-2.9403652605785267,-0.42358083223018583
509,-1.0892631437698024,0.39651500361440617,0.11184645087859663,-0.39499961789022253,-0.0332374905702971,0.0042987796207290315,-0.42358083223018583
510,0.37014209840449924,0.20889392776186086,0.11184645087859663,0.06594542172613593,0.9154158861235957,0.0042987796207290315,-0.42358083223018583
511,-0.11632631565360128,-0.7292114515008656,2.3218893023739398,0.06594542172613593,-0.0332374905702971,0.0042987796207290315,-0.42358083223018583
512,0.8566105124625998,0.39651500361440617,-0.3091140922633735,-0.39499961789022253,-0.98189086726419,0.0042987796207290315,-0.42358083223018583
513,0.8566105124625998,-0.5415903756483204,-0.414354228048866,-0.39499961789022253,-0.98189086726419,0.0042987796207290315,-0.42358083223018583
514,-0.11632631565360128,1.021918589789557,1.795688623446477,0.06594542172613593,1.8640692628174884,0.0042987796207290315,-0.42358083223018583
515,-0.11632631565360128,0.39651500361440617,0.11184645087859663,-0.39499961789022253,1.8640692628174884,0.0042987796207290315,3.1733555736914334
516,-0.11632631565360128,0.08381321052683066,-0.9405549069763287,0.06594542172613593,1.8640692628174884,0.0042987796207290315,-0.42358083223018583
517,-0.11632631565360128,0.39651500361440617,-0.9405549069763287,0.06594542172613593,-0.0332374905702971,0.0042987796207290315,-0.42358083223018583
518,-0.11632631565360128,-0.5415903756483204,-0.414354228048866,-0.39499961789022253,0.9154158861235957,0.0042987796207290315,3.1733555736914334
519,0.37014209840449924,-0.8542921687358959,2.2166491665884474,-0.39499961789022253,-0.0332374905702971,0.0042987796207290315,1.9743767717175602
520,0.37014209840449924,1.021918589789557,0.6380471298060593,-0.39499961789022253,-0.98189086726419,0.0042987796207290315,-0.42358083223018583
521,-0.6027947297117018,0.39651500361440617,0.11184645087859663,0.06594542172613593,-0.0332374905702971,-2.9403652605785267,-0.42358083223018583
522,0.8566105124625998,1.647322175964708,-0.414354228048866,-0.39499961789022253,-0.0332374905702971,0.0042987796207290315,1.9743767717175602
523,0.37014209840449924,1.021918589789557,0.11184645087859663,-0.39499961789022253,-0.0332374905702971,0.0042987796207290315,-0.42358083223018583
524,-0.6027947297117018,-1.7923975479986223,0.11184645087859663,0.06594542172613593,-0.98189086726419,0.0042987796207290315,-0.42358083223018583
525,1.8295473405788008,-0.22888858256074482,0.11184645087859663,0.06594542172613593,1.8640692628174884,0.0042987796207290315,-0.42358083223018583
526,1.3430789265207004,1.021918589789557,2.2166491665884474,0.06594542172613593,-0.0332374905702971,0.0042987796207290315,1.9743767717175602
527,0.37014209840449924,1.021918589789557,0.11184645087859663,-0.39499961789022253,-0.98189086726419,0.0042987796207290315,-0.42358083223018583
528,0.37014209840449924,1.021918589789557,0.11184645087859663,4.214450778273362,-0.98189086726419,0.0042987796207290315,-0.42358083223018583
529,0.37014209840449924,2.585427555227435,2.2166491665884474,0.06594542172613593,-0.98189086726419,0.0042987796207290315,0.7753979697436871
530,-0.11632631565360128,0.08381321052683066,0.11184645087859663,-0.39499961789022253,-0.98189086726419,0.0042987796207290315,-0.42358083223018583
531,-0.11632631565360128,0.08381321052683066,-0.9405549069763287,-0.39499961789022253,-0.98189086726419,0.0042987796207290315,-0.42358083223018583
532,2.3160157546369016,-0.5415903756483204,-0.9405549069763287,-0.39499961789022253,-0.98189086726419,0.0042987796207290315,-0.42358083223018583
533,0.8566105124625998,-0.5415903756483204,-0.9405549069763287,-0.39499961789022253,-0.98189086726419,0.0042987796207290315,-0.42358083223018583
534,0.8566105124625998,1.459701100112163,0.21708658666408914,0.06594542172613593,-0.98189086726419,0.0042987796207290315,-0.42358083223018583
535,0.8566105124625998,-0.5415903756483204,0.11184645087859663,-0.39499961789022253,-0.0332374905702971,0.0042987796207290315,-0.42358083223018583
536,-1.0892631437698024,0.08381321052683066,0.11184645087859663,0.06594542172613593,-0.98189086726419,0.0042987796207290315,-0.42358083223018583
537,-1.0892631437698024,0.08381321052683066,-0.414354228048866,-0.39499961789022253,1.8640692628174884,0.0042987796207290315,-0.42358083223018583
538,0.37014209840449924,1.021918589789557,0.11184645087859663,1.9097255801915698,-0.0332374905702971,0.0042987796207290315,1.9743767717175602
539,-0.6027947297117018,-0.5415903756483204,0.11184645087859663,0.06594542172613593,-0.0332374905702971,0.0042987796207290315,-0.42358083223018583
540,-0.11632631565360128,0.08381321052683066,0.11184645087859663,4.214450778273362,0.9154158861235957,0.0042987796207290315,-0.42358083223018583
541,0.8566105124625998,0.39651500361440617,1.164247808733522,0.06594542172613593,1.8640692628174884,0.0042987796207290315,-0.42358083223018583
542,-0.6027947297117018,1.021918589789557,0.11184645087859663,-0.39499961789022253,-0.98189086726419,0.0042987796207290315,-0.42358083223018583
543,0.8566105124625998,1.3346203828771326,0.6380471298060593,-0.39499961789022253,0.9154158861235957,0.0042987796207290315,-0.42358083223018583
544,0.37014209840449924,0.08381321052683066,-0.414354228048866,-0.39499961789022253,0.9154158861235957,0.0042987796207290315,-0.42358083223018583
545,0.37014209840449924,1.3346203828771326,0.11184645087859663,-0.39499961789022253,-0.98189086726419,0.0042987796207290315,-0.42358083223018583
546,-1.0892631437698024,-0.5415903756483204,-0.9405549069763287,-0.39499961789022253,1.8640692628174884,0.0042987796207290315,-0.42358083223018583
547,-1.0892631437698024,0.39651500361440617,0.11184645087859663,-0.39499961789022253,-0.0332374905702971,0.0042987796207290315,-0.42358083223018583
548,-0.6027947297117018,0.39651500361440617,-0.9405549069763287,-0.39499961789022253,-0.98189086726419,0.0042987796207290315,-0.42358083223018583
549,-0.11632631565360128,0.08381321052683066,-0.414354228048866,-0.39499961789022253,-0.0332374905702971,0.0042987796207290315,-0.42358083223018583
550,-0.11632631565360128,0.08381321052683066,0.11184645087859663,4.214450778273362,0.9154158861235957,2.9489628198199846,-0.42358083223018583
551,-0.6027947297117018,1.021918589789557,-0.9405549069763287,-0.39499961789022253,-0.0332374905702971,0.0042987796207290315,3.1733555736914334
552,0.37014209840449924,0.39651500361440617,-1.4667555859037913,-0.39499961789022253,1.8640692628174884,0.0042987796207290315,-0.42358083223018583
553,1.3430789265207004,1.3346203828771326,-0.414354228048866,-0.39499961789022253,-0.98189086726419,0.0042987796207290315,3.1733555736914334
554,-1.0892631437698024,1.021918589789557,1.795688623446477,1.9097255801915698,-0.98189086726419,0.0042987796207290315,-0.42358083223018583
555,-1.0892631437698024,0.39651500361440617,-0.3091140922633735,0.06594542172613593,-0.98189086726419,0.0042987796207290315,-0.42358083223018583
556,0.8566105124625998,0.7092167967019817,-0.414354228048866,-0.39499961789022253,-0.98189086726419,-2.9403652605785267,-0.42358083223018583
557,-1.0892631437698024,-1.1669939618234713,-1.4667555859037913,-0.39499961789022253,0.9154158861235957,0.0042987796207290315,1.9743767717175602
558,-1.0892631437698024,-1.1669939618234713,-0.9405549069763287,0.06594542172613593,-0.98189086726419,0.0042987796207290315,-0.42358083223018583
559,-0.11632631565360128,-0.5415903756483204,0.11184645087859663,-0.39499961789022253,-0.0332374905702971,0.0042987796207290315,-0.42358083223018583
560,0.37014209840449924,0.39651500361440617,0.21708658666408914,-0.39499961789022253,-0.0332374905702971,0.0042987796207290315,-0.42358083223018583
561,-0.11632631565360128,0.08381321052683066,-0.414354228048866,1.9097255801915698,-0.98189086726419,0.0042987796207290315,-0.42358083223018583
562,-1.0892631437698024,-0.8542921687358959,1.2694879445190144,0.06594542172613593,-0.98189086726419,0.0042987796207290315,-0.42358083223018583
563,-1.5757315578279028,-2.7305029272613486,0.11184645087859663,-0.39499961789022253,-0.0332374905702971,0.0042987796207290315,-0.42358083223018583
564,-0.11632631565360128,0.08381321052683066,0.11184645087859663,-0.39499961789022253,0.9154158861235957,0.0042987796207290315,-0.42358083223018583
565,-1.0892631437698024,-1.7923975479986223,0.11184645087859663,-0.39499961789022253,-0.98189086726419,-2.9403652605785267,-0.42358083223018583
566,-0.11632631565360128,-1.7923975479986223,-0.414354228048866,-0.39499961789022253,-0.98189086726419,0.0042987796207290315,-0.42358083223018583
567,-1.0892631437698024,-1.7923975479986223,-0.9405549069763287,-0.39499961789022253,-0.98189086726419,0.0042987796207290315,-0.42358083223018583
568,-0.11632631565360128,-1.7923975479986223,-0.414354228048866,-0.39499961789022253,-0.0332374905702971,0.0042987796207290315,-0.42358083223018583
569,0.8566105124625998,-0.8542921687358959,0.11184645087859663,-0.39499961789022253,0.9154158861235957,0.0042987796207290315,-0.42358083223018583
570,-0.11632631565360128,-0.8542921687358959,-0.9405549069763287,-0.39499961789022253,-0.98189086726419,-2.9403652605785267,-0.42358083223018583
571,2.3160157546369016,-0.8542921687358959,-0.9405549069763287,-0.39499961789022253,-0.98189086726419,-2.9403652605785267,-0.42358083223018583
572,-0.11632631565360128,-0.8542921687358959,-0.9405549069763287,-0.39499961789022253,-0.98189086726419,-2.9403652605785267,-0.42358083223018583
573,-2.0621999718860033,-2.7305029272613486,-0.3091140922633735,-0.39499961789022253,-0.0332374905702971,-2.9403652605785267,-0.42358083223018583
574,-2.548668385944104,-2.7305029272613486,-0.9405549069763287,-0.39499961789022253,-0.98189086726419,-2.9403652605785267,-0.42358083223018583
575,-2.0621999718860033,-1.7923975479986223,-0.9405549069763287,0.06594542172613593,-0.98189086726419,-2.9403652605785267,-0.42358083223018583
576,-2.548668385944104,-1.7923975479986223,-1.8877161290457614,0.06594542172613593,-0.98189086726419,-2.9403652605785267,-0.42358083223018583
577,-0.11632631565360128,-0.22888858256074482,0.11184645087859663,-0.39499961789022253,-0.98189086726419,0.0042987796207290315,-0.42358083223018583
578,0.8566105124625998,0.08381321052683066,-0.9405549069763287,-0.39499961789022253,-0.98189086726419,0.0042987796207290315,-0.42358083223018583
579,-0.6027947297117018,-1.1669939618234713,0.11184645087859663,-0.39499961789022253,-0.98189086726419,0.0042987796207290315,-0.42358083223018583
580,1.3430789265207004,0.7092167967019817,-0.414354228048866,-0.39499961789022253,0.9154158861235957,2.9489628198199846,-0.42358083223018583
581,0.8566105124625998,1.3346203828771326,-0.9405549069763287,4.214450778273362,-0.0332374905702971,0.0042987796207290315,-0.42358083223018583
582,-0.11632631565360128,0.39651500361440617,-0.9405549069763287,-0.39499961789022253,-0.0332374905702971,0.0042987796207290315,-0.42358083223018583
583,-1.0892631437698024,-0.8542921687358959,-0.9405549069763287,0.06594542172613593,-0.98189086726419,0.0042987796207290315,-0.42358083223018583
584,-2.548668385944104,-2.7305029272613486,-0.9405549069763287,0.06594542172613593,-0.98189086726419,-2.9403652605785267,-0.42358083223018583
585,-0.11632631565360128,0.08381321052683066,0.11184645087859663,1.9097255801915698,-0.98189086726419,-2.9403652605785267,0.7753979697436871
586,-1.0892631437698024,-1.7923975479986223,-0.3091140922633735,0.06594542172613593,-0.98189086726419,-2.9403652605785267,-0.42358083223018583
587,-0.6027947297117018,0.7092167967019817,2.2166491665884474,0.06594542172613593,-0.98189086726419,0.0042987796207290315,-0.42358083223018583
588,-0.6027947297117018,-0.8542921687358959,1.164247808733522,-0.39499961789022253,-0.98189086726419,0.0042987796207290315,3.1733555736914334
589,-2.0621999718860033,-1.7923975479986223,-0.9405549069763287,-0.39499961789022253,-0.98189086726419,0.0042987796207290315,-0.42358083223018583
590,0.8566105124625998,1.021918589789557,-0.414354228048866,-0.39499961789022253,-0.98189086726419,0.0042987796207290315,-0.42358083223018583
591,0.37014209840449924,-1.1669939618234713,-0.9405549069763287,-0.39499961789022253,-0.98189086726419,0.0042987796207290315,-0.42358083223018583
592,-1.5757315578279028,-0.8542921687358959,-0.9405549069763287,-0.39499961789022253,-0.98189086726419,-2.9403652605785267,-0.42358083223018583
593,-1.0892631437698024,-0.5415903756483204,-0.9405549069763287,-0.39499961789022253,-0.98189086726419,0.0042987796207290315,-0.42358083223018583
594,-1.5757315578279028,-2.7305029272613486,-1.8877161290457614,0.06594542172613593,-0.98189086726419,0.0042987796207290315,-0.42358083223018583
595,0.8566105124625998,-1.1669939618234713,-0.9405549069763287,-0.39499961789022253,-0.98189086726419,0.0042987796207290315,-0.42358083223018583
596,-0.11632631565360128,-0.7292114515008656,-0.3091140922633735,0.06594542172613593,-0.98189086726419,0.0042987796207290315,-0.42358083223018583
597,2.3160157546369016,1.021918589789557,-0.3091140922633735,-0.39499961789022253,-0.98189086726419,0.0042987796207290315,-0.42358083223018583
598,-1.0892631437698024,-0.8542921687358959,-0.9405549069763287,-0.39499961789022253,-0.98189086726419,2.9489628198199846,-0.42358083223018583
599,0.8566105124625998,1.021918589789557,-0.414354228048866,-0.39499961789022253,-0.98189086726419,0.0042987796207290315,-0.42358083223018583
600,0.37014209840449924,-1.1669939618234713,-0.9405549069763287,-0.39499961789022253,-0.98189086726419,0.0042987796207290315,-0.42358083223018583
601,0.37014209840449924,1.3346203828771326,0.11184645087859663,-0.39499961789022253,-0.0332374905702971,0.0042987796207290315,-0.42358083223018583
602,0.8566105124625998,1.9600239690522836,0.11184645087859663,0.06594542172613593,-0.0332374905702971,0.0042987796207290315,-0.42358083223018583
603,-1.0892631437698024,0.08381321052683066,0.11184645087859663,-0.39499961789022253,-0.98189086726419,0.0042987796207290315,-0.42358083223018583
604,-1.0892631437698024,-0.8542921687358959,-0.3091140922633735,-0.39499961789022253,-0.98189086726419,0.0042987796207290315,-0.42358083223018583
605,-2.0621999718860033,-1.4796957549110468,-0.9405549069763287,0.06594542172613593,-0.98189086726419,0.0042987796207290315,-0.42358083223018583
606,-1.0892631437698024,0.08381321052683066,0.11184645087859663,-0.39499961789022253,0.9154158861235957,0.0042987796207290315,-0.42358083223018583
607,0.37014209840449924,0.39651500361440617,0.11184645087859663,-0.39499961789022253,-0.0332374905702971,0.0042987796207290315,-0.42358083223018583
608,-1.0892631437698024,-0.8542921687358959,0.11184645087859663,-0.39499961789022253,1.8640692628174884,0.0042987796207290315,0.7753979697436871
609,1.3430789265207004,1.3346203828771326,1.164247808733522,-0.39499961789022253,1.8640692628174884,0.0042987796207290315,-0.42358083223018583
610,-0.11632631565360128,0.08381321052683066,-0.414354228048866,-0.39499961789022253,-0.0332374905702971,0.0042987796207290315,-0.42358083223018583
611,0.8566105124625998,-0.8542921687358959,-0.414354228048866,-0.39499961789022253,-0.98189086726419,0.0042987796207290315,0.7753979697436871
612,-0.11632631565360128,-0.8542921687358959,-0.414354228048866,-0.39499961789022253,-0.98189086726419,2.9489628198199846,-0.42358083223018583
613,-1.0892631437698024,0.7092167967019817,1.164247808733522,-0.39499961789022253,1.8640692628174884,0.0042987796207290315,-0.42358083223018583
614,0.37014209840449924,-0.22888858256074482,-0.414354228048866,4.214450778273362,0.9154158861235957,0.0042987796207290315,0.7753979697436871
615,-0.6027947297117018,0.7092167967019817,-0.9405549069763287,-0.39499961789022253,0.9154158861235957,0.0042987796207290315,0.7753979697436871
616,0.37014209840449924,1.647322175964708,1.164247808733522,-0.39499961789022253,1.8640692628174884,0.0042987796207290315,3.1733555736914334
617,0.8566105124625998,-1.1669939618234713,-1.8877161290457614,0.06594542172613593,-0.98189086726419,0.0042987796207290315,-0.42358083223018583
618,-0.11632631565360128,-1.1669939618234713,-0.3091140922633735,0.06594542172613593,-0.0332374905702971,0.0042987796207290315,-0.42358083223018583
619,0.37014209840449924,1.647322175964708,0.11184645087859663,0.06594542172613593,-0.0332374905702971,-2.9403652605785267,-0.42358083223018583
620,0.8566105124625998,0.39651500361440617,-0.9405549069763287,-0.39499961789022253,-0.0332374905702971,0.0042987796207290315,-0.42358083223018583
621,0.37014209840449924,-0.8542921687358959,-0.9405549069763287,-0.39499961789022253,1.8640692628174884,0.0042987796207290315,1.9743767717175602
622,-0.11632631565360128,0.08381321052683066,0.11184645087859663,-0.39499961789022253,0.9154158861235957,2.9489628198199846,-0.42358083223018583
623,-1.0892631437698024,0.39651500361440617,-0.9405549069763287,-0.39499961789022253,-0.0332374905702971,-2.9403652605785267,-0.42358083223018583
624,0.8566105124625998,2.585427555227435,2.74284984551591,0.06594542172613593,-0.98189086726419,0.0042987796207290315,1.9743767717175602
625,-0.11632631565360128,1.3346203828771326,-0.414354228048866,4.214450778273362,1.8640692628174884,0.0042987796207290315,-0.42358083223018583
626,-0.11632631565360128,0.7092167967019817,1.6904484876609847,-0.39499961789022253,-0.0332374905702971,-2.9403652605785267,0.7753979697436871
627,-0.6027947297117018,1.021918589789557,0.6380471298060593,-0.39499961789022253,-0.98189086726419,0.0042987796207290315,-0.42358083223018583
628,-0.4082073640884616,0.39651500361440617,-0.9405549069763287,-0.39499961789022253,-0.0332374905702971,0.0042987796207290315,-0.42358083223018583
629,1.3430789265207004,1.021918589789557,1.6904484876609847,-0.39499961789022253,1.8640692628174884,0.0042987796207290315,1.9743767717175602
630,-0.6027947297117018,0.39651500361440617,-0.9405549069763287,0.06594542172613593,-0.0332374905702971,0.0042987796207290315,-0.42358083223018583
631,0.37014209840449924,1.9600239690522836,2.2166491665884474,-0.39499961789022253,0.9154158861235957,0.0042987796207290315,3.1733555736914334
632,2.3160157546369016,-0.8542921687358959,-0.9405549069763287,-0.39499961789022253,-0.98189086726419,0.0042987796207290315,-0.42358083223018583
633,-0.11632631565360128,-0.8542921687358959,-0.9405549069763287,0.06594542172613593,-0.98189086726419,0.0042987796207290315,-0.42358083223018583
634,1.3430789265207004,0.39651500361440617,-1.992956264831254,-0.39499961789022253,-0.0332374905702971,0.0042987796207290315,-0.42358083223018583
635,0.8566105124625998,-0.5415903756483204,-0.9405549069763287,-0.39499961789022253,-0.98189086726419,0.0042987796207290315,-0.42358083223018583
636,1.8295473405788008,-0.8542921687358959,-0.3091140922633735,-0.39499961789022253,-0.98189086726419,0.0042987796207290315,-0.42358083223018583
637,-0.11632631565360128,0.7092167967019817,-0.414354228048866,1.9097255801915698,-0.0332374905702971,0.0042987796207290315,3.1733555736914334
638,1.3430789265207004,2.272725762139859,0.11184645087859663,-0.39499961789022253,-0.0332374905702971,0.0042987796207290315,-0.42358083223018583
639,2.3160157546369016,-0.5415903756483204,1.164247808733522,0.06594542172613593,-0.98189086726419,-2.9403652605785267,-0.42358083223018583
640,-2.0621999718860033,0.08381321052683066,-0.9405549069763287,-0.39499961789022253,-0.98189086726419,-2.9403652605785267,-0.42358083223018583
641,-0.11632631565360128,-0.22888858256074482,-0.9405549069763287,-0.39499961789022253,-0.98189086726419,2.9489628198199846,-0.42358083223018583
642,-1.0892631437698024,0.08381321052683066,0.11184645087859663,-0.39499961789022253,-0.98189086726419,2.9489628198199846,-0.42358083223018583
643,-0.6027947297117018,0.08381321052683066,0.11184645087859663,-0.39499961789022253,-0.98189086726419,0.0042987796207290315,-0.42358083223018583
644,-0.6027947297117018,0.08381321052683066,0.11184645087859663,-0.39499961789022253,-0.98189086726419,-2.9403652605785267,-0.42358083223018583
645,-1.0892631437698024,0.08381321052683066,-0.9405549069763287,-0.39499961789022253,-0.98189086726419,0.0042987796207290315,-0.42358083223018583
646,-1.0892631437698024,0.08381321052683066,-0.9405549069763287,-0.39499961789022253,-0.98189086726419,0.0042987796207290315,-0.42358083223018583
647,-0.6027947297117018,-0.8542921687358959,-1.4667555859037913,-0.39499961789022253,1.8640692628174884,0.0042987796207290315,-0.42358083223018583
648,-0.11632631565360128,-0.8542921687358959,0.11184645087859663,4.214450778273362,1.8640692628174884,0.0042987796207290315,-0.42358083223018583
649,-0.11632631565360128,-0.8542921687358959,-0.414354228048866,-0.39499961789022253,1.8640692628174884,0.0042987796207290315,-0.42358083223018583
650,-0.11632631565360128,-0.8542921687358959,-0.414354228048866,-0.39499961789022253,-0.98189086726419,0.0042987796207290315,-0.42358083223018583
651,-0.11632631565360128,-0.8542921687358959,-0.414354228048866,-0.39499961789022253,-0.98189086726419,0.0042987796207290315,-0.42358083223018583
652,-1.0892631437698024,0.39651500361440617,0.11184645087859663,0.06594542172613593,1.8640692628174884,0.0042987796207290315,-0.42358083223018583
653,0.37014209840449924,-0.5415903756483204,0.11184645087859663,-0.39499961789022253,1.8640692628174884,0.0042987796207290315,-0.42358083223018583
654,-2.0621999718860033,0.39651500361440617,0.11184645087859663,-0.39499961789022253,1.8640692628174884,0.0042987796207290315,-0.42358083223018583
655,-1.0892631437698024,0.39651500361440617,0.11184645087859663,-0.39499961789022253,1.8640692628174884,0.0042987796207290315,-0.42358083223018583
656,-1.0892631437698024,-0.8542921687358959,0.11184645087859663,-0.39499961789022253,0.9154158861235957,0.0042987796207290315,-0.42358083223018583
657,0.37014209840449924,-0.5415903756483204,0.11184645087859663,-0.39499961789022253,1.8640692628174884,0.0042987796207290315,-0.42358083223018583
658,-1.0892631437698024,0.08381321052683066,0.11184645087859663,-0.39499961789022253,1.8640692628174884,0.0042987796207290315,-0.42358083223018583
659,-1.0892631437698024,-1.1669939618234713,-0.9405549069763287,-0.39499961789022253,0.9154158861235957,0.0042987796207290315,-0.42358083223018583
660,-0.11632631565360128,-0.22888858256074482,-0.3091140922633735,-0.39499961789022253,-0.0332374905702971,0.0042987796207290315,-0.42358083223018583
661,-0.11632631565360128,-0.8542921687358959,-0.9405549069763287,-0.39499961789022253,-0.98189086726419,0.0042987796207290315,-0.42358083223018583
662,-0.6027947297117018,-0.8542921687358959,-0.9405549069763287,-0.39499961789022253,-0.98189086726419,0.0042987796207290315,-0.42358083223018583
663,-0.6027947297117018,0.08381321052683066,0.11184645087859663,-0.39499961789022253,-0.98189086726419,0.0042987796207290315,-0.42358083223018583
664,-0.6027947297117018,0.08381321052683066,0.11184645087859663,-0.39499961789022253,-0.98189086726419,0.0042987796207290315,-0.42358083223018583
665,-0.11632631565360128,-0.5415903756483204,0.11184645087859663,-0.39499961789022253,-0.0332374905702971,0.0042987796207290315,-0.42358083223018583
666,-1.0892631437698024,0.08381321052683066,1.164247808733522,0.06594542172613593,-0.0332374905702971,0.0042987796207290315,-0.42358083223018583
667,-0.11632631565360128,-0.5415903756483204,0.11184645087859663,-0.39499961789022253,1.8640692628174884,-2.9403652605785267,-0.42358083223018583
668,0.37014209840449924,-0.22888858256074482,-1.4667555859037913,-0.39499961789022253,0.9154158861235957,0.0042987796207290315,3.1733555736914334
669,-1.0892631437698024,-0.8542921687358959,0.11184645087859663,-0.39499961789022253,-0.0332374905702971,0.0042987796207290315,-0.42358083223018583
670,-1.0892631437698024,-0.5415903756483204,0.21708658666408914,4.214450778273362,-0.0332374905702971,0.0042987796207290315,1.9743767717175602
671,0.37014209840449924,1.021918589789557,-0.9405549069763287,0.06594542172613593,-0.0332374905702971,0.0042987796207290315,-0.42358083223018583
672,-1.5757315578279028,-0.5415903756483204,-1.992956264831254,1.9097255801915698,-0.0332374905702971,0.0042987796207290315,0.7753979697436871
673,-0.6027947297117018,0.08381321052683066,-0.414354228048866,-0.39499961789022253,-0.98189086726419,0.0042987796207290315,-0.42358083223018583
674,0.37014209840449924,1.647322175964708,0.6380471298060593,0.06594542172613593,1.8640692628174884,0.0042987796207290315,3.1733555736914334
675,-1.0892631437698024,1.647322175964708,1.795688623446477,-0.39499961789022253,1.8640692628174884,0.0042987796207290315,-0.42358083223018583
676,0.37014209840449924,-0.5415903756483204,-0.9405549069763287,-0.39499961789022253,1.8640692628174884,0.0042987796207290315,1.9743767717175602
677,0.8566105124625998,0.39651500361440617,2.74284984551591,-0.39499961789022253,-0.98189086726419,0.0042987796207290315,-0.42358083223018583
678,-0.11632631565360128,-0.22888858256074482,-0.9405549069763287,-0.39499961789022253,1.8640692628174884,0.0042987796207290315,-0.42358083223018583
679,0.37014209840449924,1.021918589789557,-0.9405549069763287,-0.39499961789022253,-0.98189086726419,0.0042987796207290315,-0.42358083223018583
680,0.37014209840449924,0.39651500361440617,-0.9405549069763287,1.9097255801915698,-0.0332374905702971,0.0042987796207290315,-0.42358083223018583
681,0.8566105124625998,1.3346203828771326,0.6380471298060593,-0.39499961789022253,-0.0332374905702971,0.0042987796207290315,-0.42358083223018583
682,0.8566105124625998,0.7092167967019817,0.11184645087859663,-0.39499961789022253,1.8640692628174884,0.0042987796207290315,1.9743767717175602
683,-0.11632631565360128,-0.8542921687358959,-0.9405549069763287,-0.39499961789022253,-0.0332374905702971,0.0042987796207290315,-0.42358083223018583
684,-0.11632631565360128,-0.8542921687358959,-0.3091140922633735,-0.39499961789022253,1.8640692628174884,0.0042987796207290315,-0.42358083223018583
